﻿id,site,department,shift,name,subject,record,condition_record,condition,abnormal_item,category,engineer,register_date,expected_date,real_date
222,HY,MMFEA2,DB,張竣傑,20220520 值班日誌,"1.L5D CVD集塵機DC11B河碩PM時未裝回集塵桶即開啟閥門造成破空導致入口溫度降低靜壓下降現場設備停機
2.L3D CVD切換機CVD-09 OFF CVD-10 ON(FOR 明日定檢)
3.L3D SEX切換機 SEX-04 OFF SEX-03 ON(FOR 明日定檢)
4.L3D ALX切換機ALX-24 OFF ALX-22 ON(FOR 明日定檢)
5.L5D CVD切換機CVD-21 OFF CVD-22 ON(FOR 明日定檢)
6.11:30 ALL CVD sensor 清洗 SEX03丟氯錠
","1.已完成
2.已完成
3.已完成
4.已完成
5.已完成
6.已完成",已完成,Y,一般交接事項,林世哲,2022-05-20,2022-05-20,2022-05-20
274,HY,MMFEA2,NB,楊忠豪,20220522-夜班交接,"1. L3D B1 第24點 漏液警報，查為 C/7 柱位旁空調箱冷凝水排水管滲漏，已放承接盤，請通知系統維修
2. 03:30 鍋爐-03 TRIP，復歸後重啟仍跳脫，改啟動鍋爐-04，溫度設定117℃，鍋爐-03 OFF
","1.處理中 5/23 已完成 排水液位感測器檢修後已恢復正常
2.處理中 5/23 系統重啟 操作正常",已完成,Y,一般交接事項,王煌耀/許智評,2022-05-22,2022-05-27,2022-05-23
321,LT,MMFEB4,DA,陳福寧,20220524值班交接,"1.L4A CVD60 CM4下午後續又跳 F33 OPT UNSTABIL PT3，與科榮電話操作測試推斷光學頭故障
需更換目前無法偵測。
2.L4A DNS R/T2100 B/T 1800。
","1.待廠商進場維修
2.已完成",處理中,Y,一般交接事項,廖哲宏,2022-05-24,2022-05-31,
326,LT,MMFEB2,DA,尹新淳,2022/5/25南廠空調日班值班交接日誌,"1.CT-#9、#10 停機保養(更換潤滑油).
2.L5A AMX01煙囪流量異常.
3.今日進藥.","1.保養完成(CT-#9、#10:Turn On；CT-#8:Turn Off ).
2. Purge後復歸.
3.L4A NAOH 北 : 300kg、L5A NAOH 北 : 300kg",已完成,Y,常日班交接事項,何佳臻/簡隆森/黃國財/陳清泉/吳承倍/尹新淳/彭聖修/戴煒君/林昱承,2022-05-24,2022-05-24,2022-05-24
354,LT,MMFEB2,DB,吳承倍,20220525-北廠空調值班日誌(日),"常日交接:1.L4A SEX05 SCR PM完成，已復機上線。2.CUB1 CDA-5試運轉。3.CUB1 Dryer-4 關閉出口閥，目前三台乾燥機供應。
一般交接:1.L4A SEX01 pH 9.8 觸碰H Alarm，SESNOR清洗校正後復歸。2.超音波測漏儀 南廠氣化值班明新(8663-3758)借用，預計5/26(四)17:00歸還。","常日交接1. 已復歸上線。2.試運轉完成。3.CUB1 Dryer-4 關閉出口閥。
一般交接:1.已復歸。2.尚未歸還，請明日值班協助追蹤。",已完成,Y,一般交接事項,何佳臻/簡隆森/黃國財/陳清泉/吳承倍/尹新淳/彭聖修/戴煒君/林昱承,2022-05-25,2022-05-25,2022-05-25
366,LT,MMFEB3,NB,王家駿,20220525-NB班南水值班日誌,"1.5/26 01:00 2B3T#B(417H19M)配合樹脂清洗作業且總產水導電度>1us/cm下線再生切#D套上線
2.5/26 04:15 F/W 更換氨水1桶，剩餘17桶
3.5/26 05:00 OT RO前濾桶更換濾袋*6個",1.5/26 04:00 再生廢水輸送泵P-805C INV逆變器過載異常(目前切至P-805D運轉),處理中,Y,一般交接事項,葉昇達/陳志鈞/鍾曜鴻/林家宏/彭哲德/洪瀚邦/王家駿,2022-05-25,2022-05-31,2022-05-31
432,HY,MMFEA1,NA,陳柏達,20220527夜班交接,"1.每日Alarm明細統計
2.用電報表整理L3D&L5D 製造部所需用電量
3.SPRAY JOCKEY PUMP補壓(1B41)…17:08
4.新火警27B27 PW sensor 誤動作異常,隔離觀察中
5.98 L3D 2F 2M柱 CM模組 水流開關誤動作,隔離觀察中","1.已完成
2.已完成
3.已記錄
4.處理中
5.處理中",已完成,Y,一般交接事項,李俊麒/陳柏達,2022-05-28,2022-05-31,2022-05-31
435,HY,MMFEA4,DB,陳衍衡,20220528日值班交接,"1.化學槽車充填作業，現場監督  (X1車)。
2.SRS取樣瓶回收清洗。
3.L3D L40 CHEM VMB 月點檢。
","1.已完成。
2.已完成。
3.已完成。",已完成,Y,一般交接事項,陳衍衡,2022-05-28,2022-05-28,2022-05-28
462,LT,MMFEB3,NA,林谷安,2022/05/28 LT-水組北廠NA值班日誌,"1. 22:00 巡檢抄表發現FIQ-001柵欄外側串接錶頭脫落，檢查發現已水侵故障無顯示，柵欄內測錶頭與傳回SCADA訊號正常。
2. 05:00 LDCMF#A CIP完成，濾袋需更換。
3. 05:00 除鉬系統P-11C，Y濾須清洗。",系統正常,已完成,Y,一般交接事項,魏鶴園/詹福來/林圻成/林谷安/柯耀德/陳昱辰/郭凡稜,2022-05-28,2022-05-29,2022-05-29
484,LT,MMFEB3,NB,林谷安,20220529-LT水組北廠NB值班日誌,21:11 L4A Drinking Water RO Feed Pump P-503A Fault。,查為主MCC盤處跳脫，確認過電流保護未跳脫，主開關Reset後運轉正常，現場確認出入口壓力皆正常，請再觀察運轉狀態。,已完成,Y,一般交接事項,魏鶴園/詹福來/林圻成/林谷安/柯耀德/陳昱辰/郭凡稜,2022-05-29,2022-05-29,2022-05-29
549,HY,MMFEA2,DA,楊忠豪,20220601-日班交接,"1.15:00 L5D 圖控 IOT 仍會出現通訊異常，請通知系統維修
",1.處理中,處理中,Y,一般交接事項,張竣傑,2022-06-01,2022-06-10,
572,LT,MMFEB3,DB,古昌法,2022/06/02 EVP DB值班日誌,"1.10:00 E-01 TDS:19% TS:20/0.1→19/0.1，E-101 TDS:17.95% TS:9/0.1→10/0.1，E-301 TDS:15.15% TS:11/0.1→10/0.1；15:00 E-01 TDS:20.5% TS:19/0.1，E-101 TDS:17.45% TS:10/0.1，E-301 TDS:17.2% TS:10/0.1
2.16:00 D-01/02/401/501處理量:2.5T/3T/0T/0T
3.10:09 OT RO鹼洗(北廠) pH:6
4.13:00~14:40 清運汙泥16包，暫放CUB1明日拉斗
5.柴油槽及庫房巡檢完成
",系統正常,已完成,Y,一般交接事項,古昌法/龍德政/戴宏洋/王晟翰/王鴻智,2022-06-02,2022-06-02,2022-06-02
624,HY,MMFEA4,DB,陳衍衡,20220603夜值班交接,"1.用量計算：
化學品日報表、大宗氣體日報表、 
回收系統日報表、天然氣日報表、
H2/N2日報表、EDA日報表。
2.環境巡檢:
L3/5D L10/40 化學房、L3/5D L10 氣體房、
L3D L20 純化室、SRS、L10 瓦斯站 。
3.SRS 取樣 L3D  L5D-1  L5D-2 。Form No.：545034。


","1.已完成。
2.已完成。
3.已完成。",已完成,Y,一般交接事項,陳衍衡,2022-06-03,2022-06-04,2022-06-04
628,LT,MMFEB4,DA,劉興能,20220603日A值班交接事項,"1.因T1 MEA濃度過高.T1打至南廠手閥已先關閉.勗倫說T1及TK101暫時不要打至南廠  
",,已完成,Y,一般交接事項,劉興能,2022-06-04,2022-06-04,2022-06-04
635,HY,MMFEA2,DA,楊忠豪,20220604-日班交接,"1.07:50 VOC連續監測電腦的CEMS-1 無數據回傳，RF程式當機，重啟後正常回傳但 L5D 圖控 VOC-01 & VOC-02濃度無數值，已通知系統(CEMS-2 高濃度鋼瓶壓力低，請通知系統更換)
","1.處理中
6/6 已完成",已完成,Y,一般交接事項,張竣傑/謝育魁,2022-06-04,2022-06-07,2022-06-06
648,LT,MMFEB3,NA,林谷安,2022/06/04 LT-水課北廠夜班值班日誌,"1. 20:00 開啟T-68B氣泵靠L5A走道側，調整流量5~6 CMH。
2. L5A純水系統 RO高壓泵，依後段即時用水量調整運轉套數。",系統正常,已完成,Y,一般交接事項,魏鶴園/詹福來/林圻成/林谷安/柯耀德/陳昱辰/郭凡稜,2022-06-04,2022-06-05,2022-06-05
745,LT,MMFEB3,DA,龍德政,2022/06/08 EVP值班日誌,"1.09:00 E-01真空泵效率不佳，導致處理量差，故開啟備台VP-01B並聯運轉測試，彌補真空不足部分，開起前後風機電流值BL-01: 78A上升至101A、BL-02: 98A上升至107A，罐體真空度控制-0.67kg/cm2，為了避免蒸汽用量增加，故開起將對大汽閥將機械表控再-0.68kg/cm2後觀察處理量變化。
2.13:00 E-01此模式運轉4HR處理量達9.8噸，較原先7噸已明顯提升。
3.11:20 E-504部著火異常，造成D-01/02蒸氣壓力不足跳機，故將E-503開啟運轉(小火)後，減壓復歸。
4.RV-2004電磁閥氣源管漏氣更換，更換後測試閥件開關正常。",系統正常,已完成,Y,一般交接事項,王鴻智/龍德政,2022-06-08,2022-06-08,2022-06-08
756,LT,MMFEB2,DA,尹新淳,20220608北廠空調值班日誌(日班),"1.AS8/H8-PCW-FT1-01/F Low alarm.
2.M棟CHS TT01調整，夜間調升1度、日間調回設定值","1.與現場確認為L5A SPT50 PM影響
2.M棟CHS TT01 17.5℃→16.5℃",已完成,Y,常日班交接事項,何佳臻/簡隆森/黃國財/陳清泉/吳承倍/尹新淳/彭聖修/戴煒君/林昱承,2022-06-08,2022-06-08,2022-06-08
758,HY,MMFEA2,DA,楊忠豪,20220608-日班交接,"1.15:30 河碩開啟75K AEX-01 排水但導電度未下降，檢查汙泥泵電源及氣源開關有開，已通知育魁、世哲，待檢修
","1.處理中
6/10 已完成修復電磁閥",已完成,Y,一般交接事項,林世哲,2022-06-08,2022-06-15,2022-06-10
761,LT,MMFEB2,NA,何佳臻,20220608北廠空調值班日誌(夜班),"異常事件
20220608 M棟5F GEX05皮帶斷裂異常事件紀錄
一般交接事項
19:30 AS8/H8-PCW-FT1-03/F Low alarm，與現場確認為L5A SPT50 PM仍處於復機中				
20:02接獲M棟5F GEX05壓力LL Alarm，至現場查看變頻器顯示過電流訊號，確認為GEX05皮帶斷裂造成。GEX目前平均負載70%，後續待廠商進行更換
20:50 ERC通知L4A CELL漏液檢知編號28作動，與ERC人員宏倫現場確認正常				
02:27 L4A AMX03 pH值H Alarm(6.8)，現場查看為pH S髒汙造成，清理後復歸				
",,已完成,Y,一般交接事項,何佳臻/簡隆森/黃國財/陳清泉/吳承倍/尹新淳/彭聖修/戴煒君/許志成,2022-06-08,2022-06-10,2022-06-12
804,HY,MMFEA2,DA,楊忠豪,20220610-日班交接,"1.13:30 VOC-03 脫附溫度 Lo Alarm，通知系統檢查為風門異常，VOC-01 啟動，15:20導入，VOC-03 關閉待修。VOC-03 DP-04 風門控制器異常，目前手動控制全開，VOC-03 可當備機，但啟機後需以 DP-05溫度控制脫附溫度，如需啟機請先通知系統，廠商預計 6/13(一)進廠維修
","1.處理中
6/16 已完成 DP-04風門已修復",已完成,Y,一般交接事項,謝育魁,2022-06-10,2022-06-14,2022-06-16
813,HY,MMFEA1,常日,陳柏達,20220610日班交接," 1.ALARM CALL 功能測試正常
2.POWER SCADA開始出現 FE#6 FNH0-33通訊中斷及恢復正常訊息…檢修中
3.消防火警管路更改工程施工 L3D L10…已完成","1.已完成
2.已完成，6/13檢查該盤，光纖線路重整後OK。
3.已完成",已完成,Y,一般交接事項,陳柏達/周俊峰,2022-06-10,2022-06-17,2022-06-13
859,LT,MMFEB2,DA,黃國財,20220612北廠空調值班日誌(日班),"交接事項
1.09:00 L5A WMA02水箱濾網清潔，添加漂白水400CC消泡劑200CC L4A AMX03添加消泡劑200CC
2.09:10  L4A SEX北側落水頭過濾網阻塞清除完成
3.09:45 接獲CUB1 Dryer-3 異常ALARM詳見異常事件
4.10:30 北廠進柴油3萬公升完成(南廠代收)
5.19:00 M棟CHS TT01 16.5℃→17.5℃","20220612  CUB1 Dryer-3 K1氣動閥異常事件
09:45 接獲Dryer-3 異常Alarm
1.	檢查SCADA顯示K1 閥異常未開啟。
2.	至現場確認實際K1閥已開啟，人機介面顯示K1閥未關閉。
3.	通知清泉至廠後確認異常狀況無法排除，將DRT#04 出口閥開啟供應，DRY#03出口閥關閉。
4.	後續請廠商查修。",已完成,Y,一般交接事項,黃國財,2022-06-12,2022-06-12,2022-06-12
872,HY,MMFEA2,NA,蔡治宏,2022-0612夜班值班日誌,"1. 03:15 L5D L10 RCU-68皮帶斷裂,切換RCU-70運轉,請通知系統更換皮帶
",1. 已完成,已完成,Y,一般交接事項,趙韋豪,2022-06-12,2022-06-30,2022-06-27
879,HY,MMFEA2,DA,楊忠豪,20220610,"1.12:00 高溫冷卻水塔 R02-CT-02 出現異常訊號，12℃ CT-I/O 模組 DP-21 斷訊異常，手動定頻 30Hz 運轉，已通知系統
",1.處理中,處理中,Y,一般交接事項,王煌耀,2022-06-10,2022-06-20,
882,LT,MMFEB2,DA,黃國財,20220613北廠空調值班日誌(日班),"交接事項
1.13:30 今日叫藥，預計明日進廠
L4A NAOH 北300KG
L5A NAOH 北300KG、 南300KG
2.12:07 接獲冰機出水溫度過高Alarm 11℃，查看scada顯示冰機#08 跳脫，立即開啟#04冰機供應，現場確認#08冰機訊息微控制盤斷電，reset後恢復正常備機
3.13:48 外氣上升至30℃，20g，冰水溫度出水溫上升至10℃，加開冰機#08供應，請來班注意
4.19:00 M棟CHS TT01 16.5℃→17.5℃
5.19:30 交接班時發現L4A TFT&CA南側RAC及TFT回風道加濕斷訊，因中午11:58有發現AS4斷訊訊號，隨即通知電組此況並檢查SCADA當下設備均正常，19:30交接時檢查SCADA發現上述設備斷訊狀態，主無塵室TT/MT在SPEC內(主TT/MT為AS1)，立即通知電組再次確認SEVER掛點，電組表示PLC有備品進行更換，於21:14訊號回傳正常，ALL RESET後 RAC恢復正常AUTO控制",19:30 交接班時發現L4A TFT&CA南側RAC及TFT回風道加濕斷訊，因中午11:58有發現AS4斷訊訊號，隨即通知電組此況並檢查SCADA當下設備均正常，19:30交接時檢查SCADA發現上述設備斷訊狀態，主無塵室TT/MT在SPEC內(主TT/MT為AS1)，立即通知電組再次確認SEVER掛點，電組表示PLC有備品進行更換，於21:14訊號回傳正常，ALL RESET後 RAC恢復正常AUTO控制,已完成,Y,一般交接事項,黃國財,2022-06-13,2022-06-13,2022-06-13
900,LT,MMFEB3,NA,王家駿,20220613-NA班南水值班日誌,"1.20:14 L5B DIW Docking cleaner流量計FIQ-475/FIQ-476訊號異常
2.20:14 主管通知將DIW Docking cleaner 回水流量 FIQ-476 L alarm:15CMH→10CMH
3.23:30 夜班安全巡檢完成
4.6/14 00:55/06:10 更換OT RO前濾袋*10個											
								
"," 1.20:14 L5B DIW Docking cleaner流量計FIQ-475/FIQ-476訊號異常→實際供/回水正常，主管通知將DIW Docking cleaner 回水流量 FIQ-476 L alarm:15CMH→10CMH
其餘純/廢水系統正常",處理中,Y,一般交接事項,葉昇達/陳志鈞/鍾曜鴻/林家宏/彭哲德/洪瀚邦/王家駿,2022-06-13,2022-06-17,2022-06-17
919,LT,MMFEB2,DA,尹新淳,2022/6/14北廠空調日班值班交接日誌,"1. L4AT1 SPTA0 & SPT20 PM
2.今日進藥
3. AS/10/3-RTO-ALARM/MSG_01
4. 冰機出水溫度過高(10.2 ℃ ; Alarm: 10 ℃)
5. M棟CHS TT01調整，夜間調升1度、日間調回設定值","1. PCW系統確認正常
2. L4A NAOH 北300KG L5A NAOH 北300KG、 南300KG
3. RTO切換測試
4. 開啟冰機#04供應，請夜班協助確認負載後冰機#04關閉
5. M棟CHS TT01 16.5℃→17.5℃",已完成,Y,常日班交接事項,何佳臻/簡隆森/黃國財/陳清泉/吳承倍/尹新淳/彭聖修/戴煒君/林昱承,2022-06-14,2022-06-14,2022-06-14
928,LT,MMFEB4,NB,凌明新,"南氣化值班日誌			
","1.22:03 DEV2.38%VMB3-3 TIME OVER 為IEX40開機(再次詢問後,為sensor異常)請來班持續追踨
2.22:45 CL2 LEFT-VENT PRESSURE H H 為內漏造成
3.01:23 SRS M/T 混酸異常(濃度過高)",,處理中,Y,一般交接事項,陳建旭,20220615,20220615,20220615
967,HY,MMFEA2,DA,楊忠豪,20220616-日班交接,"1.14:50 5F Gowning 反應洗手機上方有漏水(與上次反映位置相同)，值班至現場確認，約 1-2分鐘一滴，已有承漏盤承接，並已通知系統
",1.處理中,已完成,Y,一般交接事項,許智評/謝育魁,2022-06-16,2022-06-30,2022-06-16
1008,LT,MMFEB3,NA,林谷安,2022/06/17 LT-水課北廠值班日至,"1. 19:30 L5A WWT T-68B氣泵流量計FIQ-68B-M Semsor訊號異常。				
2. 22:40 EDR-1300 復歸上線。",T-68B氣泵流量計FIQ-68B-M已發異常單,已完成,Y,一般交接事項,魏鶴園/詹福來/林圻成/林谷安/柯耀德/陳昱辰/郭凡稜,2022-06-17,2022-06-18,2022-06-18
1059,LT,MMFEB4,NB,凌明新,南氣化值班日誌,"今日巡檢,發現SIH4房外,水溝蓋損壞,因近日C棟馬路為主要上下班之道路,為免發生意外,請報修;謝謝您",,處理中,Y,常日班交接事項,陳建旭,20220620,20220720,
1134,LT,MMFEB3,NB,王家駿,20220622-NB班南水值班日誌,"1.21:45 EBR暫存槽toT-431 液位:45.5%→30.1%											
2.23:40 夜班安全巡檢完成
3.6/23 02:15 因用水量減少，將RO#I OFF(目前低壓run4套+高壓10套)
4.21:30 C5A WWT T-903污泥收集槽法蘭口鏽蝕漏液	
5.6/23 02:30/06:50 更換OT RO前濾袋*8個							
","1.C5A WWT T-903污泥收集槽法蘭口鏽蝕漏液→已通知系統工程師待檢修
其餘純/廢水系統正常								
",處理中,Y,一般交接事項,葉昇達/陳志鈞/鍾曜鴻/林家宏/彭哲德/洪瀚邦/王家駿,2022-06-22,2022-06-24,2022-06-24
1188,LT,MMFEB3,NA,戴宏洋,20220624-EVP_NA班值班日誌,"19:23更換D-02 SUS濾網
20:20加一期抑垢劑/消泡劑:3.5L/2L
20:42清洗pH-102 sensor
21:13更換D-01 SUS濾網，手動下料約15min
21:35因D-01下料泥偏濕，調整回收秒數:900s→920s→940s
21:57因D-401下料泥偏濕，調整回收秒數:1700s→2100s
22:13因D-02下料泥偏濕，調整回收秒數:800s→820s→840s→860s
22:00 E-01 TDS:20.8% TS:28/0.1；E-201 TDS:16.85% TS:14/0.1
03:00 E-101 TDS:18.1% TS:12/0.1→13/0.1；E-201 TDS:17.8% TS:12/0.1→13/0.1
01:14因T253:13.05%，T-63M:85%，E-101 ON升溫；02:52 E-101 Run
04:00 D-01/02/401/501處理量:2.5T/2.5T/1.5T/0T
","23:00 鍋爐E-504柴油流量計累計值異常
23:38 鍋爐E-501疑似鼓風機開度異常導致煙囪冒白煙
系統正常",已完成,Y,一般交接事項,王鴻智/王晟翰/古昌法/龍德政/戴宏洋,2022-06-24,2022-06-25,2022-06-25
1203,HY,MMFEA2,DA,楊忠豪,20220625-日班交接,"1.08:15 L5D 集塵機 BA管路破裂漏氣，暫時將氣源開關關閉，請通知系統維修
",1.處理中,處理中,Y,一般交接事項,謝育魁,2022-06-25,2022-06-30,
1239,LT,MMFEB3,NB,王晟翰,20220626NB-EVP值班日誌,"1.20:50/22:20 D-501 TDS:20.8%回收時間2000→900(TDS:27.8%)蒸餾不良調回999
D-401 TDS:22.9%回收時間2000→900(TDS:28.3)蒸餾不良調回999""											
2.22:00 E-01 TDS:21.5% TS:28/0.1，E-101 TDS:15.6% TS:5/0.1，E-201 TDS:15.6% TS:5/0.1											
3.更換D-01/D-02 SUS濾棉，清洗PH-102 Sensor，加一期抑垢劑3L消泡劑1L											
4.01:50 D-401/D-501跳蒸氣量不足，E-503切大火											
5.03:00 E-01 TDS:21.25% TS:28/0.1，E-101 TDS:17.1% TS:5/0.1，E-201 TDS:17.4% TS:5/0.1											
6.D-01/02/401/501處理量:2.5T/2.5T/2T/2.5T											
",系統正常,已完成,Y,一般交接事項,王晟翰/龍德政/古昌法/戴宏洋/王鴻智,2022-06-26,2022-06-27,2022-06-26
1314,LT,MMFEB3,NA,王家駿,20220629-NA班南水值班日誌,"1.21:30 夜間環境溫度量測完成
2.23:00 夜班安全巡檢完成
3.6/30 00:00 L5B LR入口流量計FIQ-501A累積異常 								
4.6/30 02:45 用水量下降，將RO高壓泵 P-302A OFF(目前低壓泵3台、RO高壓泵8台運轉)
5.6/30 04:30 更換OT RO前濾袋*6個											
","1.6/30 00:00 L5B LR入口流量計FIQ-501A累積異常
其餘純/廢水系統正常 								
",處理中,Y,一般交接事項,葉昇達/陳志鈞/鍾曜鴻/林家宏/彭哲德/洪瀚邦/王家駿,2022-06-29,2022-06-30,2022-06-30
1466,LT,MMFEB3,NB,林谷安,2022/07/06 LT-水課夜班巡檢異常回報,"1. F棟B1/B2冰水主管路/次管路外層已有凝結水滴落地面，範圍太大無法承接。
2. L5A Poilsher區PLC外盤已有水滴凝結，請來班與系統工程師再多留意，以免內部元件異常或短路。
3. L4A Poilsher區PLC外盤已有水氣凝結，還未有水滴凝結，請來班與系統工程師再多留意，以免內部元件異常或短路。",現場環境問題，需再研議真因處理方式。,未處理,Y,一般交接事項,詹福來/林圻成/林谷安/柯耀德/陳昱辰/郭凡稜,2022-07-05,2022-07-30,
1488,LT,MMFEB3,NA,王家駿,20220706-NA班南水值班日誌,"1.22:20 MB總產水阻值CI-362測值波動，確認各套產水阻值皆為正常(>18MO‧cm)，現場確認CI-362入、出口管路出水正常，疑似sensor老化所致，尚在觀察其測值狀況(期間無再生)
2.21:30 EBR暫存槽toT-431 液位:54.6%→30.6%	
3.07/07 01:50 M棟補水至CUB2工業水池(51%→64.6%)
4.07/07 05:20 更換OT RO前濾袋*6個										
											
","1.22:20 L5B DIW MB 總產水阻值計CI-362異常-詳如異常報告0706-1
其餘系統正常",處理中,Y,一般交接事項,葉昇達/陳志鈞/鍾曜鴻/林家宏/彭哲德/洪瀚邦/王家駿,2022-07-06,2022-07-11,2022-07-11
1511,LT,MMFEB3,NA,戴宏洋,20220707_EVP_NA值班日誌,"18:22~19:38 D-01緩衝槽HH Alarm跳機，經確認為HH點位之浮球式液位計訊號異常(銅綠)，更換備品上線，約延遲1Hr啟機
20:35加一期抑垢劑/消泡劑:4L/1.5L
21:18清洗pH-102 sensor
22:30 E-01 TDS:17.95%暫不排液；E-101 TDS:15.85% TS:6/0.1→5/0.1；E-201 TDS:15.65% TS:6/0.1→5/0.1
03:00 E-01 TDS:25.7% TS:23/0.1→24/0.1；E-101 TDS:15.9% TS:5/0.1不調整；E-201 TDS:15.9% TS:5/0.1不調整
04:00 D-01/02/401/501處理量:2T/2T/0T/3T
",系統正常,已完成,Y,一般交接事項,王鴻智/王晟翰/古昌法/龍德政/戴宏洋,2022-07-07,2022-07-08,2022-07-08
1566,LT,MMFEB2,NB,簡隆森,20220709北廠夜班值班日誌,"1.20:40 L4A SEX北側地排巡檢正常。
2.21:30 CUB1卻水器排水完成。
3.23:30 L5A SEX03電盤控制元件故障停機，已於04:00停機並申請通報。
4.07:00 M棟CHS PIC01 200kpa(73%)→210kpa(77%)。
",3.已進行停機並通報完成，待後續廠商查修。,處理中,Y,一般交接事項,MMFEB2,2022-07-09,2022-07-10,2022-07-10
1576,HY,MMFEA3,DA,李慶昇,20220710日班交接,"1.巡檢PM事項:
(1)UF濾袋更換
(2)放流儀器清洗
(3)RO抗垢劑添加
2.系統調整設定:
(1)L5D純水系統原水PUMP切為BCD
(2)HF加藥秒數調整(80>160)
3.異常事件說明:
4.系統工程師交接事項:
5.系統ALARM CALL檢點:OK
6.藥劑入料: 7/11 WWT:重亞、NAOCL、CACL2
7/12 UPW:HCL","1.已完成
2.已完成
3.NA
4.NA
5.已完成
6.已完成",已完成,Y,一般交接事項,李慶昇,2022-07-10,2022-07-10,2022-07-10
1606,HY,MMFEA3,DA,林志恆,20220711,"1.巡檢PM事項:(1)T2 BCF DO清洗(2)ODF4 化混系統 沉澱池 SS 清洗
2.系統調整設定(1) 重亞加藥量調整 : 22>14%(2) T1汙泥脫水機脫泥改往汙泥暫存槽~汙泥暫存槽液位<30%(11:00)
3.異常事件說明:
4.系統工程師交接事項:(1) Scr-3 漂白水加藥機PM完成(2) L3D有機廢液收集房安全門天地栓無法定位，造成刷卡門禁無法感應，聯絡廠商芳程公司協助會勘報價(3) 魯式鼓風機改直截式馬達，世曜電機更新報價單(改成一台報價)，可能比照L3C需要裝機落地後才能算出實際效益，目前提供的是保守效益計算(4) 明天SCRUBBER加藥機備機進廠(普明能)(5) T2 UF 系統水垂問題檢查，聯絡連華公司提供UF運轉參數規格設定，另準備檢查水垂原因的CHECKLIST待釐清問題(6) EDA數據收集資料檢查-T2 DO SENSOR(DO-1003-4 & DO-1003-8)重複收集寫入 WATER DAILYREPORT，已先刪掉一組，看明日數據會不會再被覆蓋(7) T1 OWWR RO CIP 11:00~13:00(8) T1無機廢水化混用POLYMER藥粉用量異常減少~發現下料口阻塞~全部挖除疏通後復原(13:00~15:00)(9) .強禾檢查汙泥烘乾機卸料口AV-03開啟異常確認為汙泥烘乾系統DI卡片輸入電壓偏低燈號微亮~更換新DI卡片後正常~再請觀察有無異常警報發生~(另請強禾評估購買其餘卡片進行汰換)(10) 用電量分配日報表資料更新整理-EDA上傳資料2022/5/6/7月已完成。(11) L3D純水系統ALK供水DH2注氫閥件微調大(12)除鉬新建工程: 桶槽電盤定位、現場施做討論(13)T2 BCF DO  產水 DO PORTABLE量測產水:7.24PPM，#4槽:6.12
5.系統ALARM CALL檢點:OK
6.藥劑入料: 7/12 UPW:HCl.
","1.OK
2.OK
3.NA
4.OK
5.OK
6.OK",已完成,Y,一般交接事項,林志恆,2022-07-11,2022-07-11,2022-07-11
1708,LT,MMFEB2,DA,尹新淳,2022/7/15北廠空調日值班交接日誌,"1.久冠進藥: L4A N NaOH 300KG，S NaOH 300KG ; L5A N NaOH 300KG，S NaOH 300KG
2.L2 MAU02 出口及入口端Damper 訊號異常。
3.F棟2F 氣體房溫度偏高異常。","1. AM 12:00 久冠完成進藥
2.將五口二位閥手動強制開啟(持續運轉中)，後續將委由廠商進行現勘修繕。
3.調整:(L5A MAU12 =>HUMIDITY CONTROL: Manula mode，Setpoint: 60% 、MAU13 => HUMIDITY CONTROL: Manula mode， Setpoint: 40%)，ALARM請註記，並請明日日班確認",已完成,Y,一般交接事項,MMFEB2,2022-07-15,2022-07-15,2022-07-15
1721,HY,MMFEA2,NA,蔡治宏,2022-0715夜班值班日誌,"1. 22:00 L3D 20/15 PCW 排水閥關閉
2. 用量統計時,L3D ALX-01補水量故多,現場確認液位計故障,關小補水閥
3. 06:30 L5D MAU-31馬達過熱警報,現場確認散熱風扇正常,06:39 VFD電容過熱燒毀,MCC跳脫,已通知系統,通知廠商進廠維修
","1.已完成
2.處理中
3.處理中",處理中,Y,一般交接事項,林世哲/許智評,2022-07-15,2022-07-30,2022-07-30
1798,HY,MMFEA4,DA,陳明忠,20220719日班交接,"1.化學槽車充填作業，現場監督  (X1 車)。
特氣入料堆高機作業，現場監督  (X2 車)。
亞東LO2 & H2B堆高機作業， 現場監督  (X2車)。
DHF入料 一板""								
SRS 取樣  Waste A、Waste B、Recycle、T22。Form No.：548519								
",1.完成,已完成,Y,一般交接事項,陳明忠,2022-07-19,2022-07-19,2022-07-19
1803,LT,MMFEB2,DA,溫晟傑,20220719南空調(日班)值班日誌,"1.09:40 5B 現場CDA用量降至510CMM，CDA#1停機
2.10:00 5B CDA供應壓力調降0.1kg，CDA#2 sp8.1kg→8.0kg，CDA#1 sp7.95(0.15)kg→7.9(0.2)kg，CDA#4 sp8.2(0.3)→8.2(0.4)
3.10:30 久冠進藥北側液鹼600公斤，南側液檢900公斤，硫酸600公斤，CUB2漂水1000kg，消泡劑(含矽)30kgx2桶。
4.10:24 L5B B1F 廠務SCADA cell TT-02 溫度瞬間上升alarm ，與N1值班8663-4001確認為設備檢視OVEN機台造成環境瞬間溫升後即恢復正常",已完成,已完成,Y,一般交接事項,mmfeb2,2022/7/19,2022/7/19,2022/7/19
1896,LT,MMFEB2,NA,何佳臻,20220722北廠空調值班日誌(夜班),"19:17	L4A SEX03 pH L Alarm，將pH Sensor進行清理後並檢查加藥機，發現信號線路鬆動干擾無加藥，拔除重插後已復歸。				
22:50	最佳化顯示CHP-5 FAULT，現場查看變頻器盤檢查顯示""FAULT 16""，發現 CHP05馬達冒煙，立即將電盤電源OFF，後續請廠商檢修。目前改開啟冰機02運轉				
21:25	水組再生，開鍋爐#5，60℃、2bar，23:56再生完成關閉				
",,已完成,Y,一般交接事項,MMFEB2,2022-07-22,2022-07-23,2022-07-22
1930,LT,MMFEB3,NA,王家駿,20220723-NA班南水值班日誌,"1.23:40 夜班安全巡檢完成
2.7/24 02:00/06:00 更換OT RO前濾袋共*10個","1.20:55 C5A WWT Screw脫泥機濾液排至T-903管路彎頭破損漏水								
其餘系統正常",處理中,Y,一般交接事項,葉昇達/陳志鈞/鍾曜鴻/林家宏/彭哲德/洪瀚邦/王家駿,2022-07-23,2022-07-24,2022-07-24
1949,LT,MMFEB4,NB,凌明新,南氣化值班日誌,"1.22:44 LAL-50 alarm持續出現且當機，至現場確認，無法復歸，alarm也持續出現，經查看後發現PV CDA(PI5A)壓力表小於下限，且調壓閥漏氣，經調整(大)壓力後ok，調回原值後即當機，相同alarm也出現，再次調整(大)後ok，請來班持續觀察
",經查看後發現PV CDA(PISA)壓力表小於下限，且調壓閥漏氣，經調整(大)壓力後ok，調回原值後即當機，相同alarm也出現，再次調整(大)後ok,處理中,Y,一般交接事項,張芳銘,2022-07-24,2022-07-31,
1972,TN/KH,MMFED1,DB,郝柏森,20220725 TN 日班交接,"1. 一廠添加玉米浸漬液 1桶、營養鹽 3包。二廠添加營養鹽 2包。
2. 平均用水量，一廠 45、二廠 85 m³/h。 
3. 廢水 COD：T-138 237、T-139 346 T-140 237 T-2307 443、T-2851 255。
4. 更換R-RO-A.C套濾心共80支。
5. C5D脫水機水洗濾布後開啟運轉。 
6. 12:50 巡視T-2821 DIKE區地面水漬，經確認後化學酸區PIT P-2931運轉時管路脫膠漏水，回報副理後依指示請工程師志盛協調安排渥特緊急搶修，已於17:30修繕完成，預計20:00 膠乾後送水測試。
7.14:45 接獲環安通知環保局進廠查核廢水，此次查核無異常。
8.工程師佑岱交接 ，P-115-1 污泥泵故障無法運作，切換備機運轉，待聯絡廠商進廠修繕。另排泥氣動閥氣源管破裂，已修繕完成，請同仁知悉。
9.CD379 充填 20151 kg、蝕刻液充填 1000 kg。","1.P-115-1 待工程師佑岱安排廠商查修
2. P-2931待 膠乾送水測試",處理中,Y,一般交接事項,張閎家/李兆宏/陳信吉/冼湧璋/林佳昌/洪志盛/郝柏森/郭鴻/陳俊男/李榮偉/謝佑岱/江新裕,2022-07-25,2022-08-31,
2000,HY,MMFEA3,DA,林志恆,20220726,"1.巡檢PM事項:
(1)T2 放流SS清洗
(2)T2 BCF DO 清洗
2.系統調整設定:
3.異常事件說明:
4.系統工程師交接事項:
(1) T1控制室及氟酸沉澱池上方整理
(2) T2 除鉬系統樹脂塔管路配置
(3) RO 產水率調整
5.系統ALARM CALL檢點:OK
6.藥劑入料: 7/27 WWT:PAC、CACL2、NAOCL UPW:PAC(食品級600LIT，並通知久冠幫忙清管路)
","1.OK
2.NA
3.NA
4.OK
5.OK
6.OK",已完成,Y,一般交接事項,林志恆,2022-07-26,2022-07-26,2022-07-26
2122,LT,MMFEB3,DA,古昌法,2022/07/30 EVP DA值班日誌,"1.加鍋爐清垢劑2L，脫氧劑4.5L，中和胺0.5L
E-101抑垢劑2L 消泡劑2L，E-201抑垢劑3L 消泡劑2L
2.16:00 D-01/02/401/501處理量:2T/2.5T/0T/2.5T
3. 10:00 E-01 TDS:21.2% TS:23/0.1，E-101 TDS:16.9% TS:13/0.1，E-201 TDS:16.7% TS:10/0.1；15:00 E-01 TDS:21.45% TS:23/0.1，E-101 TDS:16.55% TS:13/0.1，E-201 TDS:17.2% TS:10/0.1
4.07:59 D-02真空錶頭無法歸0校正，更換新錶頭，真空度最高可達-91~-88kpa，請持續觀察
5.13:30 ORRO CIP(南廠)排至T-63M導致pH有上升到6.4，請南廠值班協助調整pH 
6.12:44 因D-501腔體溫度上升到50.6度，更換SUS濾網
7.11:29  pH-102A sensor清洗","\\L8f0-pc01\kc0f3\運轉表格\異常報告\EVP異常報告\2022\7\0730減壓乾燥機D-02真空錶 異常報告.doc
系統正常",已完成,Y,一般交接事項,古昌法/龍德政/戴宏洋/王晟翰/王鴻智,2022-07-30,2022-07-30,2022-07-30
2194,HY,MMFEA1,DA,周俊峰,20220801日班交接,"1.ALARM CALL 功能測試正常。									
2.CU42-133-3 電流過低警報，原因為空調關閉L3D PCW #2號機。									
3.L3DL10 FFU調降轉速*150台。									
4.D-UPS KS#6 B級保養完成，並開啟2號機運轉，準備與3號機切換運轉。									
5.緊急發電機G9 更換控制電腦後事運轉OK-(柏達)									
6.17:11警衛通知，車道照明第3盞燈左邊固定不良鬆脫，與俊麒前往處理因逢下班車多，預計明早請河碩幫忙，期間請夜班至現場再查看有無脫落風險，必要時請警衛或他課同仁幫忙。									
","1.已完成。
2.已完成。
3.已完成。
4.已完成。
5.已完成。
6.待處理。",處理中,Y,一般交接事項,陳柏達,2022-08-01,2022-08-02,
2213,TN/KH,MMFED1,DB,郭鴻,一廠溶劑房 PUMP-1-2 異音過大,"08:30巡檢發現一廠溶劑房 PUMP-1-2 異音過大，先切手動關閉，目前運轉PUMP-1-1。
",回報系統工程師 閎家。並安排廠商於今日拆出維修。易事通已開立。,處理中,Y,常日班交接事項,張閎家/李兆宏/陳信吉/冼湧璋/林佳昌/洪志盛/郝柏森/郭鴻/陳俊男/李榮偉/謝佑岱/江新裕,2022-08-02,2022-09-02,
2214,TN/KH,MMFED1,DB,郭鴻,一廠溶劑房Detector sensor固定座卡死無法更換,一廠溶劑房於更換Detector sensor時，因固定座卡死無法拆除，暫無法更換,目前尚有另一顆sensor進行偵測，不影響偵測功能。工程師已請廠商報價，交期需4~6個月。易事通已開立。,處理中,Y,常日班交接事項,張閎家/李兆宏/陳信吉/冼湧璋/林佳昌/洪志盛/郝柏森/郭鴻/陳俊男/李榮偉/謝佑岱/江新裕,2022-08-02,2022-12-02,
2216,TN/KH,MMFED2,常日,杜嘉玲,20220802 異常交接test,"1.異常交接test
2.值班交接test",1.異常處理test,處理中,Y,一般交接事項,杜嘉玲,2022-08-02,2022-08-05,
2231,TN/KH,MMFED2,DB,郭晉佑,20220802夜班交接,"系統狀況:
(1)當班異常現況、處理進度、回報時機
00:02發生一廠阿茲倍爾訊號回傳異常，fab溫度,ffu,mau,PV,PCW,排氣訊號皆無回傳中控，但現場機台都正常運轉，1:30阿茲貝爾廠商會同明德進場進行緊急搶修，06:15銘揚的志銘進場查修，目前還在查修中，請同仁知悉
(2)當日工程施工結果及安全注意事項(系統填寫)
無
Alarm狀況:
(1)SCADA警報檢查及交接(紀錄於晨會表格中)
正常
工作交接:
(1)巡檢抄表進度及問題
正常
(2)當班PM內容及結果
正常
(3)其他系統調整紀錄
正常
(4)當日班交接事項
正常
(5)值班室職務交接
1.請每12小時觀察C4A 西側2F 排煙機械室內的出風門內的PVC膠膜有無鬆脫，並拍照回報群組
",,已完成,Y,系統隔離及參數調整,MMFED2/MMFED3,2022-08-02,2022-08-09,2022-08-03
2269,LT,MMFEB3,NA,戴宏洋,20220804_EVP_NA值班日誌,"19:45更換D-01 SUS濾網，更換前腔體溫度52.5℃，更換後腔體溫度52.1℃
20:05接續更換D-02 SUS濾網，手動下料約5min，更換前腔體溫度54.9℃，更換後腔體溫度54.8℃
21:00清洗pH-102 sensor
22:00 E-201 TDS:17.15% TS:13/0.1
03:00 E-201 TDS:16.1% TS:13/0.1→12/0.1
00:00加二期E-201消泡劑3L，因抽空
04:00 D-01/02/401/501處理量:2T/2T/2T/2T
",01:51 D-401跳機”真空度異常”，手動抽真空檢查發現為後方軸封洩漏，將後軸封(動環)重新PM上鎖後，抽真空只達-28Kpa，再次確認疑似後軸封(靜環)處洩漏，判斷有可能為腔體結垢，中間軸心攪拌棒轉動時震動導致靜環位移洩漏，將D-401蒸氣入口處手閥OFF待機,已完成,Y,一般交接事項,王鴻智/王晟翰/古昌法/龍德政/戴宏洋,2022-08-03,2022-08-04,2022-08-04
2340,TN/KH,MMFED3,NB,林榮泰,20220805夜班交接_C5E水氣化課,"1.A1回收B套再生
2.開啟RO-B、D套運轉1小時
3.清洗廢水放流取樣槽",無異常,已完成,Y,一般交接事項,林佳昌/陳泰任/薛匡均/黃冠誌/陳忠志/郭青綸/林榮泰/張睿格/林坤達/蘇育德/王宗鉉,2022-08-05,2022-08-06,2022-08-06
2385,LT,MMFEB4,DA,吳享益,20220807,"1. 09:30 更換 C5A DEV1 Phase1 Filter*3。

2.14:00 DEV 2.38% DISPENSE UNIT HIGH HIGH LEAK LEVEL FAULT 擦拭CDM所致。
",,已完成,Y,一般交接事項,吳享益,2022-08-07,2022-08-07,2022-08-07
2439,HY,MMFEA2,NA,蔡治宏,2022-0808夜班值班日誌,"1. 22:10 L5D SEX-21 第二段導電度HI 27000,現場確認第一段TANK液位計汙損,造成第一段沒排水,清理恢復正常
2. 22:40 低溫冰機負載60%,CH-05 OFF，低溫冰機運轉台數 4→3
3. 01:41 L3D SEX-04 PH HI 7.5,確認加藥管斷裂,SEX-04關閉,SEX-03加藥量 40→50%
4. 01:50 L3D CEX-08風車異音,請通知系統確認
5. 01:55 L5D CVD-21 VFD頻率HI 32.6Hz,請通知系統確認
6. 05:20 L3D 15/20 PCW 排水閥開
","1.已完成
2.已完成
3.處理中
4.已完成
5.已完成
6.已完成",處理中,Y,一般交接事項,王煌耀/林世哲,2022-08-08,2022-08-09,2022-08-09
2445,TN/KH,MMFED3,DB,林坤達,20220809日班交接C5E電力空調課,"系統狀況:
(1)當班異常現況、處理進度、回報時機 :1.冷卻水塔加藥機加藥出口管路破裂,剪斷管路重接後正常 2.漂白水桶槽出口過濾器清潔
(2)當日工程施工結果及安全注意事項(系統填寫) 無
Alarm狀況: 無
工作交接: 
(1)巡檢抄表進度及問題 :
(2)當班PM內容及結果:無
(3)其他系統調整紀錄:C/R 溫濕度微調整 
(4)當班交接事項:1.11:30 CDA 切換,開啟911,關閉912,9162.太陽能監控程式測試正常
(5)值班室職務交接 : 無線電、值班手機、平板數量清點 環境消毒
",已完成,已完成,Y,一般交接事項,MMFED2/MMFED3,2022-08-09,2022-08-09,2022-08-09
2505,LT,MMFEB4,DA,陳福寧,20220811北廠值班交接,"1.L4A DMS R/T 1700L B/T 1000L。
2.S2/VMB- PH3-1-/Presssure Hi alarm，現場確認 PT與Gauge讀值相同78psi，訊號回傳SCADA讀值95psi可能為訊號放大器故障。","1.已完成
2.回報主管請系統歲修時查修並建立易事通",處理中,Y,一般交接事項,MMFEB4,2022-08-11,2022-08-11,2022-08-11
2542,LT,MMFEB4,DA,陳福寧,20220812北廠氣化值班交接日誌,"1.L4A DMS R/T 1600L B/T 1000L。
2.G8/M-3F-WL02/SENSOR作棟，現場確認無漏逸以復歸。","1.已完成
2.已完成",已完成,Y,一般交接事項,MMFEB4,2022-08-12,2022-08-12,2022-08-12
2586,TN/KH,MMFED2,NB,郭晉佑,20220813夜班交接,"系統狀況:
(1)當班異常現況、處理進度、回報時機
C4A PCW電盤(1-2F-UP-1)散熱風扇異常未轉動，目前已打開電盤門進行散熱，請工程師協助處理。
Alarm狀況:
(1)SCADA警報檢查及交接(紀錄於晨會表格中)
正常
工作交接:
(1)巡檢抄表進度及問題
正常
(2)當班PM內容及結果
正常
(3)其他系統調整紀錄
正常
(4)當日班交接事項
正常
(5)值班室職務交接
正常
",經系統工程師查修，風扇的溫控器故障導致風扇無法運轉，待廠商進廠更換，無影響變頻器運作。,已完成,Y,一般交接事項,MMFED2/MMFED3,2022-08-13,2022-08-20,2022-08-18
2675,HY,MMFEA1,DA,彭建達,20220815日班交接,"1.ALARM CALL 功能測試正常。
2.B1停車場照明修繕完成
3.CDA-04 (CNM3-122)配合PM斷電復電
4.CCTV系統(編號#319)鏡頭角度調整
5.俊麒交接請夜班協助舊火警系統alarm list以AI文字辨識上傳","1.已完成
2.已完成
3.已完成
4.已完成
5.已完成
",已完成,Y,一般交接事項,彭建達,2022-08-15,2022-08-15,2022-08-15
2719,LT,MMFEB3,NA,戴宏洋,20220816_EVP_NA值班日誌,"20:35清洗pH-102 sensor
01:40巡檢發現綠色步道有水持續流出，經確認為自來水管路至景觀生態池有一處脫膠，已將分管前兩處考克關閉
04:00 D-01/02/401/501處理量:0T/0T/0T/0T
","EVP區全停機
系統正常",已完成,Y,一般交接事項,王鴻智/王晟翰/古昌法/龍德政/戴宏洋,2022-08-16,2022-08-17,2022-08-17
2742,TN/KH,MMFED3,DB,林坤達,20220817日班交接C5E電力空調課,"系統狀況:
(1)當班異常現況、處理進度、回報時機 :1.巡檢時發現冷卻水塔漂白水加藥機是關閉狀態,打開後發現出口端PVC接頭裂開會漏液先用環安提供的塑鋼土止漏,已通知泳麒請廠商更換
(2)當日工程施工結果及安全注意事項(系統填寫) 無
Alarm狀況: 無
工作交接: (1)巡檢抄表進度及問題 :
(2)當班PM內容及結果:無
(3)其他系統調整紀錄::
(4)當班交接事項:1.太陽能監控程式測試正常 
(5)值班室職務交接 : 無線電、值班手機、平板數量清點 環境消毒
",已完成,已完成,Y,一般交接事項,MMFED2/MMFED3,2022-08-17,2022-08-17,2022-08-17
2809,TN/KH,MMFED1,DB,郭鴻,20220819日班值班交接,"""1. 一廠添加玉米浸漬液 1桶、營養鹽 3包。二廠添加營養鹽 2包。
2. 平均用水量，一廠 135、二廠 115 m³/h。 
3. 廢水 COD：T-138 195、T-139 158、T-140 86、T-2307 298。
4. 07:30一廠 R-RO-B套 膜管藥洗。
5. 07:30二廠 R-RO-A套膜管藥洗。
6. 08:30一廠更換 R-RO-A、D、RBRO套濾心 102支。
7. 09:40二廠更換 R-RO-B、C套濾心 40支。
8. 10:00 T-2205 曝氣 20分鐘。
9. 13:30 關閉廢水系統，關閉鼓風機B-02B。
10. 13:30清理 C5D脫水機渠道。
11. 15:24 發報M12 MCP-WQ Main Power Off警報，發現中繼槽D1 TOC以及導電度無數據回傳。隨即連絡工程師 志盛，至現場查修後發現是TOC分析儀儀器的Power Supply故障，更換備品後測試正常，儀器量測正常，數據回傳正常。
12. 17:10發報C6C現像新液儲存槽液位計LOLO及C6C後工洗淨液儲存槽液位計LOLO警報，發現液位訊號未回傳。至現場電盤將線路拔掉再重新安裝後，警報復歸，液位訊號回傳正常。
13. 18:20 T-501低液位警報，查看廠端用水量為125m³/h，開啟RO-B套補水。
14. T-140排泥間隔時間360min →720min。""
",如上述,已完成,Y,一般交接事項,張閎家/李兆宏/陳信吉/冼湧璋/林佳昌/洪志盛/郝柏森/郭鴻/陳俊男/李榮偉/謝佑岱/江新裕,2022-08-19,2022-08-19,2022-08-19
2824,LT,MMFEB3,NA,王家駿,20220819-NA班南水值班日誌,"1.21:45 EBR暫存槽to T-431 液位:57.6%→30.1%											
2.8/20 00:10 用水量增加，MB回流率<0%且RO WATER TANK液位有持續下降趨勢(80%)，加開RO高壓泵P-302A/B運轉補水(目前低壓泵3台、高壓泵9台運轉)											
3.8/20 02:15 M棟補水至CUB2工業水池(50%→60.2%) 
4.8/20 因DO-741<3ppm，加開魯式鼓風機B-721B運轉											
											
","1.22:45 Polish DIW Circulation pump P-401G異常-待檢修 								
2.8/20 00:10 Screw 污泥輸送帶CV-06異常-待檢修
其餘系統正常								
",處理中,Y,一般交接事項,陳志鈞/鍾曜鴻/林家宏/彭哲德/洪瀚邦/王家駿/郭凡稜,2022-08-19,2022-08-26,2022-08-26
2857,LT,MMFEB3,DA,龍德政,20220820_EVP_DA值班日誌,"08:30加鍋爐清罐劑2L；脫氧劑4.5L；中和胺0.5L
10:00 D-01/02回收秒數調整，D-01:940s→440s；D-02:900s→500s，檢測含水率為D-01:19.8%，D-02:20.3%，與未調整前更低，故請持續調整減壓秒數，提升處理量之餘，含水率不可上升
10:30加二期E-101/301抑垢劑/消泡劑:3L/2L；2L/1L
11:20 E-01 TDS:21.35%；E-101 TDS:16.15% TS:17/0.1→13/0.1；E-301 TDS:13.5% TS:25/0.1→20/0.1(停止排液)
13:00 E-301開啟排液TDS:15%
13:50 E-01 TDS:21.8%；E-101 TDS:16.5%
13:30~19:30 D-401真空度偏低(-78~-83Kpa)造成處理時間拉長，停機檢查洩漏源為軸封靜環處，將其拆下檢查，判斷可能原因為靜環與固定座不合，導致無法壓密洩漏，暫先使用止洩帶填縫後裝回測試
16:00 D-01/02/401/501:2T/2.5T/2T/2.5T
",系統正常,已完成,Y,一般交接事項,王鴻智/王晟翰/古昌法/龍德政/戴宏洋,2022-08-20,2022-08-20,2022-08-20
2860,HY,MMFEA2,NA,蔡治宏,2022-0820夜班值班日誌,"1. \\TW100014304\HVAC_static_daily_2_3_4_report, 報表不會自動產生,已通知電控課確認
2. 01:28 高溫冰機-10跳機,確認CHP VFD頻率震盪(通訊異常),造成冰機自我保護跳脫,立即加開備機冰機-09,冰機-10自動復歸,系統穩定後,02:25關CH-10
3. 02:40 L3D 20/15 PCW 排水閥關閉
","1.處理中
2.已完成
3.已完成",處理中,Y,一般交接事項,王煌耀/林世哲,2022-08-20,2022-08-21,2022-08-21
2881,TN/KH,MMFED3,DB,林坤達,20220821日班交接C5E電力空調課,"1)當班異常現況、處理進度、回報時機 :
 1.巡檢時發現冷卻水塔漂白水加藥機入料管有空氣,拆下過濾器做清潔後正常
(2)當日工程施工結果及安全注意事項(系統填寫) :
Alarm狀況: 無
工作交接: 
(1)巡檢抄表進度及問題 :
(2)當班PM內容及結果:無
(3)其他系統調整紀錄::1.無塵室溫濕度微調
(4)當班交接事項:1.太陽能監控程式測試正常
(5)值班室職務交接 : 無線電、值班手機、平板數量清點 ",已完成,已完成,Y,一般交接事項,MMFED2/MMFED3,2022-08-21,2022-08-21,2022-08-21
2920,TN/KH,MMFED3,DB,林坤達,20220822日班交接C5E電力空調課,"1)當班異常現況、處理進度、回報時機 :
 1.15:10 俊谷祕書電話通知說,俊谷上方電燈不亮,到現場查看是手拉開關損壞已通知國安並協助更換
(2)當日工程施工結果及安全注意事項(系統填寫) :
Alarm狀況: 無
工作交接: 
(1)巡檢抄表進度及問題 :
(2)當班PM內容及結果:1.協助祟賢做6S改善
(3)其他系統調整紀錄::
(4)當班交接事項:1.11:40 暫停乾燥機912吸附塔#2再生
2.太陽能監控程式測試正常
(5)值班室職務交接 : 無線電、值班手機、平板數量清點 ",已完成,已完成,Y,一般交接事項,MMFED2/MMFED3,2022-08-22,2022-08-22,2022-08-22
2959,HC,MMFEC1,NA,陳楷明,20220823夜班交接,1.抄表及巡檢，用電量記錄，Alarm記錄登錄，每日用量最高紀錄，每日Low season用電統計，EDA上傳，儀表工具清點交接。2.值班交接:1.電力監控系統-正常。2.消防監控系統-正常。3.PD on-line監控-正常。4.太陽能監控連線式正常。5.油中氣體分析-H2最高178ppm。6.PAD*1、反光背心鑰匙交接-正常，7.確認上一班EPMS表單已送簽。3.CUB 10T貨梯開門時無法開到定位，要用手推到定位才可使用，已聯絡國峰安排時間進廠查修。4.05:44 A棟 TR5 WARNING事件說明：受CB3外部放電訊號影響， 無風險 。,已通知廠商安排時間進廠查修。,已完成,Y,一般交接事項,郭志霄,2022-08-23,2022-08-24,2022-08-30
2967,LT,MMFEB3,NA,王家駿,20220823-NA班南水值班日誌,"1.21:35 EBR暫存槽to T-431 液位:57.6%→30%											
8/24
1.00:15 MB#F(430H)再生											
2.02:35因後段用水增加且MB#F再生中，導致RO WATER TANK液位觸至L alarm，加開低壓泵P-301D及RO高壓泵P-302A/I補水(目前低壓泵4台、高壓泵10台運轉)→06:50 關閉P-301D及P-302I(目前低壓泵3台、高壓泵9台運轉)
3.06:40 M棟補水至CUB2工業水池(50%→60%) 											
4.07:00 配合MMF產水主管路修繕工程將P-101A/B/C/D/E/F OFF，開啟P-100I/J bypass MMF補水至T-200A/B(前處理水池)											
											
","1.16:03 L5B WWT P-831N trip 異常報告								
其餘系統正常",處理中,Y,一般交接事項,陳志鈞/鍾曜鴻/林家宏/彭哲德/洪瀚邦/王家駿/郭凡稜,2022-08-23,2022-08-31,2022-08-31
3100,LT,MMFEB3,NA,王家駿,20220827-NA班南水值班日誌,"1.22:00 EBR暫存槽to T-431 液位:55.3%→30%
2.23:10 用水量下降，關閉RO高壓泵P-302B(目前低壓泵3台及RO高壓泵8台運轉)→8/28 00:20 再關閉RO高壓泵P-302A(目前低壓泵3台及RO高壓泵7台運轉)											
3.8/28 03:00 清T-007B出口 Strainer											
","1.L5B WWT NTU-761故障								
其餘系統正常",處理中,Y,一般交接事項,陳志鈞/鍾曜鴻/林家宏/彭哲德/洪瀚邦/王家駿/郭凡稜,2022-08-27,2022-08-31,2022-08-31
3105,HC,MMFEC1,NA,陳楷明,20220827夜班交接,1.抄表及巡檢，用電量記錄，Alarm記錄登錄，每日用量最高紀錄，每日Low season用電統計，EDA上傳，儀表工具清點交接。2.值班交接:1.電力監控系統-正常。2.消防監控系統-正常。3.PD on-line監控-正常。4.太陽能監控連線式正常。5.油中氣體分析-H2最高178ppm。6.PAD*1、反光背心鑰匙交接-正常，7.確認上一班EPMS表單已送簽。3.巡檢時發現P棟1F #5發電機柴油過濾器漏油，漏油面積約1M*3M，已將進油閥關閉並將地面柴油清理完畢。,"3.巡檢時發現P棟1F #5發電機柴油過濾器漏油，漏油面積約1M*3M，已將進油閥關閉並將地面柴油清理完畢。

請志霄速完成維修改善----奕達",已完成,Y,一般交接事項,MMFEC1,2022-08-28,2022-08-28,2022-09-14
3148,HC,MMFEC1,常日,黃奕達,20220829 SEX-03 風車振動檢修,SEX-03 於60HZ 運轉時，風車振動過大，請協助檢修,將風車葉輪清洗乾淨，重新做動平衡校正後正常(校正前28mm/s 校正後1.6mm/s),已完成,Y,主管交辦事項,徐智良,2022-08-29,2022-12-31,2022-09-14
3163,TN/KH,MMFED1,DB,郭鴻,20220829日班值班交接,"""1. 一廠添加玉米浸漬液 1桶、營養鹽 1包。二廠添加營養鹽 1包。
2. 平均用水量，一廠 50、二廠 20 m³/h。 
3. 廢水 COD：T-138 141、T-139 162、T-140 102、T-2307 277。
4. 09:10 觀察廠端用水量合計 60m³/h，關閉2B3T-B套，目前2B3T只運轉一套。
5. 08:20清理 C5D脫水機渠道，19:00開啟運轉。
6. 09:00巡檢發現二廠R-ACF-A套管路有滲水狀況(約1秒1滴)，先將滴水導入T-2321。並告知系統工程師 志盛，安排廠商入廠檢修，預計本週四入廠。易事通已開立、異常處理已KEY。
7. 10:30 T-2205 曝氣 20分鐘。
8. 調整C5D脫水機入料時間20→15分。
9. 11:00二廠關閉UPW PUMP P-702B。壓力PIA-711由0.18mpa→0.13mpa
10. 14:22 PIT-2931 HH警報，觀察圖控H點位 無回應，值班人員至現場查看後確認為浮球卡住，調整後已恢復正常動作，請同仁再留意。
11. 18:00 開啟廢水系統，開啟鼓風機B-02B。
""
",如上述,已完成,Y,一般交接事項,張閎家/李兆宏/陳信吉/冼湧璋/林佳昌/洪志盛/郝柏森/郭鴻/陳俊男/李榮偉/謝佑岱/江新裕,2022-08-29,2022-08-29,2022-08-29
3197,TN/KH,MMFED3,DB,林坤達,202200830日班交接_C5E電力空調課,"系統狀況 
(1)當班異常現況、處理進度、回報時機 :  
 1.巡檢時發現冷却水塔漂白水桶加藥機無作動,檢查後是電源線對接的地方進水短路請國安幫忙查修重接線後正常
(2)當日工程施工結果及安全注意事項(系統填寫):無 
Alarm狀況: SCADA警報檢查及交接正常。 
工作交接: 
(1)巡檢抄表進度及問題 :
(2)當班PM內容及結果 :
(3)其他系統調整紀錄 :
1.CR 1F FDCW冰水溫度由13.9--->16度,2F FDCW冰水溫度由14.1--->19度
2.MAU#1.#2.#3出風露點由14.6--->15,MAU#4.#5.#6出風露點由14.9--->15.4
3.GEX靜壓由54--->40mmAg,BEX靜壓由56--->40mmAg,VEX靜壓由85--->75mmA
4.PCW供應壓力6--->5Kg,關閉P604Pump
(4)當班交接事項 : 1.冷却水塔用漂白水入料約1噸 2.太陽能監控程式測試正常
(5)值班室職務交接 :無線電、值班手機、平板數量清點，中控室清潔消毒",已完成,已完成,Y,一般交接事項,MMFED2/MMFED3,2022-08-30,2022-08-30,2022-08-30
3198,HC,MMFEC1,常日,王智清,20220826日班交接,"1.HVAC/冷却水塔水、PH9.16正常 導電度=2093 ORP=658 。請值班注意巡檢。2. HVAC/來電反映A棟2F辦公室走廊上方風管漏水，查看為保溫棉鬆脫導致冷凝水滴落，楷同小柯使用膠帶黏貼保溫棉處理 3. HVAC/來電反映A棟2F男廁抽風機大聲，楷同輝鵬，目前已先將風機隔離，後續請HR開立工委單。4.EXHAUST/智良今日進行酸排#1 SCRUBBER清洗，於16:00左右恢復上線，酸排#1 PH過低故加藥機目前開100%加藥中，請值班於PH恢復標準值後將加藥機恢復至平常加藥量值。
",,已完成,Y,一般交接事項,王智清,2022-08-30,2022-08-30,2022-08-30
3199,HC,MMFEC1,常日,王智清,20220830日班交接,"1.HVAC/冷却水塔水、PH9.16正常 導電度=2093 ORP=658 。請值班注意巡檢。2. HVAC/來電反映A棟2F辦公室走廊上方風管漏水，查看為保溫棉鬆脫導致冷凝水滴落，楷同小柯使用膠帶黏貼保溫棉處理 3. HVAC/來電反映A棟2F男廁抽風機大聲，楷同輝鵬，目前已先將風機隔離，後續請HR開立工委單。4.EXHAUST/智良今日進行酸排#1 
SCRUBBER清洗，於16:00左右恢復上線，酸排#1 PH過低故加藥機目前開100%加藥中，請值班於PH恢復標準值後將加藥機恢復至平常加藥量值。5.奕達指示交接簿如果只是一般的交接，請開單時直接將處理狀況勾選為”已完成”如果有待處理事項，請單獨開立一張交接單，並勾選為”處理中”
",,已完成,Y,一般交接事項,MMFEC1,20220830,20220830,20220830
3203,TN/KH,MMFED2,NB,郭晉佑,20220830夜班交接,"系統狀況:
(1)當班異常現況、處理進度、回報時機
一廠冰水泵CDP002-1水管破裂，噴濺至CDP004-2電盤導致跳脫，目前初步已關閉CDP002-1進出口閥，冰機備機有2、3號，待工程師開立PR維修。
Alarm狀況:
(1)SCADA警報檢查及交接(紀錄於晨會表格中)
正常
工作交接:
(1)巡檢抄表進度及問題
正常
(2)當班PM內容及結果
正常
(3)其他系統調整紀錄
正常
(4)當日班交接事項
正常
(5)值班室職務交接
正常
",一廠冰水泵CDP002-1水管破裂，噴濺至CDP004-2電盤導致跳脫，目前初步已關閉CDP002-1進出口閥，待工程師開立PR維修。,已完成,Y,一般交接事項,MMFED2/MMFED3,2022-08-30,2022-09-06,2022-09-02
3215,HC,MMFEC1,NB,朱能勇,"20220830夜班交接
化學品叫藥;FFU故障 ","1.""CUB 1F HVAC 漂白水 47CM，請日值班協助叫藥。
CUB 5F EXHAUST 漂白水 47CM 液鹼 47CM，請日值班協助叫藥。
CUB 5F EXHAUST H2SO4 19.5CM，請系統工程師複查。""

2.""1. 檢查FFU SCADA scan功能正常。
2. 立即至現場確認FFU ID: TFT 1x20ay7e (Motor blocked)未運轉。
3. 已用膠膜封住FFU吸入口，待 維新安排後續維修。""
",,已完成,Y,一般交接事項,MMFEC1,2022-08-30,2022-09-15,2022-09-14
3221,TN/KH,MMFED1,NB,郝柏森,20220830 TN 夜班交接,"1. 一廠添加玉米浸漬液 1桶、營養鹽 1包。二廠添加營養鹽 1包。
2. 平均用水量，一廠 30、二廠 15 m³/h。 
3. 21:00關閉一廠回收化混系統。 01:26 - 05:00 開啟一廠回收化混系統。
4. 03:00 污泥脫水機已10分鐘進料觀察卸料污泥仍屬偏厚，請同仁持續觀察。
5. 20:30 巡視C6C PARTICLE儀器光源不足，已回報系統工程師待安排廠商進廠查修，目前將C5D儀器借至C6C使用，請同仁巡檢持續觀察留意。",C6C PARTICLE儀器待工程師安排廠商修繕。,已完成,Y,一般交接事項,張閎家/李兆宏/陳信吉/冼湧璋/林佳昌/洪志盛/郝柏森/郭鴻/陳俊男/李榮偉/謝佑岱/江新裕,2022-08-30,2022-08-31,2022-08-31
3223,LT,MMFEB2,常日,林昱承,20220830-B棟頂樓GEX#2 FAULT,值班人員現場查看無故障代碼，無法復歸，手動停機，待查修。,"8/31 現勘量測馬達接地異常.
9/6 廠商報價完成,依合約項目申請修繕中.",處理中,Y,主管交辦事項,尹新淳,2022-08-30,2022-09-16,
3225,LT,MMFEB3,常日,邱繼亮,20220831-4A HCL 洩漏,4A WWT HCL 液位管洩漏,"未完成,安排檢修",處理中,Y,主管交辦事項,詹福來/邱繼亮,2022-08-31,2022-09-14,
3226,LT,MMFEB1,常日,黃翊涵,eStonr 發布測試,132,123,已完成,Y,常日班交接事項,黃翊涵,2022-08-31,2022-09-06,2022-08-31
3230,HY,MMFEA2,DA,楊忠豪,20220831-日班交接,"1.15:50 MAU冷凝水回收桶槽溢位 Hi，檢查Y濾未阻塞，經系統檢修確認氣塞，排除後目前由 Pump  #01 自動運轉(檢修過程中 Pump #02出口閥件故障卡死待修)
2.18:00 L3D 西側 L20空調箱(供化學房)故障，馬達跳脫，維順入廠檢修，
","1.處理中
2.處理中",處理中,Y,一般交接事項,張竣傑/簡仕安,2022-08-31,2022-09-02,
3237,LT,MMFEB3,DB,洪瀚邦,20220831日B班交接事項,"1.向久冠叫純水液鹼15噸預計9/1入廠 10:00											
2.宇沛裝P401F節能PUMP完成，E台管路配置中 09:00											
3.2B3T#F(423H)再生 14:00	


異常事件
1.P-931鋁蝕刻泵漏液
2.T204A廢酸儲槽設備漏液
3.T962液鹼雙套管脫落										
",,已完成,Y,一般交接事項,邱繼亮/陳志鈞/鍾曜鴻/林家宏/彭哲德/洪瀚邦/王家駿/郭凡稜,2022-08-31,2022-08-31,2022-08-31
3286,LT,MMFEB4,NB,凌明新,20220902南廠氣化值班交接日誌,1.10:10 HCL-2R切邊後，HCL-2櫃HPT 由780降至 負380， LPT 負10~ 負35之間飄移，致HCL-2 shutdoen無法上線，目前僅剩HCL-1L可供應，請來班持續觀察HCL-1供應情形，目前HCL-2L側，己將強供器外蓋拆除,,處理中,Y,一般交接事項,陳建旭/MMFEB4,2022-09-02,2022-09-02,2022-09-02
3306,LT,MMFEB4,DB,徐福佳,20220902值班日誌,"1.L4A DMS R/T:1800L B/T:1200L
2.L4A SIH4 BSGS-L 有吃到一些，目前off line v1閥測漏中，請知悉。",,已完成,Y,一般交接事項,周鈺益,2022-09-02,2022-09-02,2022-09-02
3333,LT,MMFEB4,DB,徐福佳,20220903值班日誌,"1.M棟巡撿無漏水
2.L4A SIH4 BSGS-L 做PENEL PURGE後，手動抽真空並開v7閥保壓中 
3.L4A DMS R/T:1800L B/T:1400L",,已完成,Y,一般交接事項,周鈺益,2022-09-03,2022-09-03,2022-09-03
3355,LT,MMFEB2,DB,許志成,2022/09/02 LT 南廠空調值班日誌,1.CF50-TT-03 Hi alarm(23.7℃)，調整CFA40 RAC-09 22.3->22℃，CFA40 RAC-10 22.8->22.5℃，2.久冠進藥 ;南側液鹼：1200kg、硫酸: 300kg，3.VOC脫附溫度偏低(190℃)，調整熱交換器開度44->47%,完成,已完成,Y,一般交接事項,MMFEB2,2022/9/2,2022/9/2,2022/9/2
3367,HC,MMFEC1,NB,朱能勇,"20220903夜班交接
CDA 4 油溫高警報","05:20 CDA 4 GENERING WARNING(9/3 23:00 原CDA #3+#4 切換 CDA #4+#5)，現場查看為 油溫偏高警報(恢復正常後重複觸發)，確認其設定 油溫高溫警報->65度 油溫高溫跳機設定->72度。現暫將 油溫高溫警報設定 65度->67度。請值班觀察是否持續上升。請系統工程師複查。
",CDA#4油溫偏高 申請維護,已完成,Y,一般交接事項,MMFEC1,2022-09-03,2022-09-30,2022-09-21
3388,HY,MMFEA2,DA,張竣傑,20220904值班日誌,"1.L3D 20/15 PCW 排水微開
2.乾燥機2號鼓風機跳脫
3.75K集塵機壓差LO(1.0)確認為廠端設備清管造成
","1.已完成
2.已完成
3.已完成",已完成,Y,一般交接事項,林世哲/王煌耀,2022-09-04,2022-09-04,2022-09-04
3458,HY,MMFEA1,DB,陳柏達,20220906日班交接,"1.ALARM CALL 功能測試正常。
2.南側客梯Y04持續維修中(主板送原廠燒錄程式)
3.L3D 10F 22C25 誤動作推火警隔離中","1.已完成
2.處理中
3.處理中",處理中,Y,一般交接事項,李俊麒/陳柏達,2022-09-06,2022-09-08,
3475,LT,MMFEB3,NB,王家駿,20220906-NB班南水值班日誌,"1.21:35 TOC-501/601加水完成
2.23:40 夜班安全巡檢完成
3.21:30 L5B WWT P-311A出口管路滲漏
4.L5B WWT P-003B-2出口管路滲漏","1.21:30 L5B WWT P-311A出口管路滲漏 異常報告								
2.21:30 L5B WWT P-003B-2出口管路滲漏 異常報告								
其餘系統正常",處理中,Y,一般交接事項,陳志鈞/鍾曜鴻/林家宏/彭哲德/洪瀚邦/王家駿,2022-09-06,2022-09-30,2022-09-30
3508,TN/KH,MMFED1,NB,郝柏森,20220907 TN夜班交接,"1. 一廠添加玉米浸漬液 1桶、營養鹽 1包。二廠添加營養鹽 1包。
2. 平均用水量，一廠 55、二廠 10m³/h。 
3.承接日班純水系統PLC警報接續處理，19:53 進入2F備品室緊急領用智慧網管形交換器，前往實驗室並進行更換。夜班仍有多次警報發生。
已依指示發MAIL給生產支援部，領用時無法辨識料號，待協助釐清。
4.21:00 關閉一廠回收化混系統。 02:00-05:40開啟一廠回收化混系統。
5.21:20 開啟一廠廢水系統。05:10關閉一廠廢水系統。
6.21:50 T-2205 曝氣 20分鐘。
7. 21:00關閉殺菌劑加藥機。
7. 05:00 C5D脫水機水洗濾布後開啟運轉。",PLC通訊警報待系統工程師安排線路查修,處理中,Y,一般交接事項,張閎家/李兆宏/陳信吉/冼湧璋/林佳昌/洪志盛/郝柏森/郭鴻/陳俊男/李榮偉/謝佑岱/江新裕,2022-09-07,2022-09-15,
3527,TN/KH,MMFED2,NA,張志豪,"
20220908夜班交接","系統狀況:
(1)當班異常現況、處理進度、回報時機
無
Alarm狀況:
(1)SCADA警報檢查及交接(紀錄於晨會表格中)
正常
工作交接:
(1)巡檢抄表進度及問題
正常
(2)當班PM內容及結果
正常
(3)其他系統調整紀錄
正常
(4)當日班交接事項
正常
(5)值班室職務交接
正常
",無異常,已完成,Y,一般交接事項,MMFED2/MMFED3,2022-09-08,2022-09-08,2022-09-08
3572,LT,MMFEB3,NA,胡玉棋,假日無外包之濾網&濾袋PM工作由值班cover,"09/09 OR MBR分配槽CD line濾網塞住
OVERFLOW到地面
滴到一樓馬路","更換濾網
雨排口圍吸酸棉
掃馬路水蒐集倒入68B
放置三角錐警示",處理中,Y,主管交辦事項,詹福來,2020/09/09,2020/09/10,
3627,LT,MMFEB3,DB,林谷安,2022/09/11,"1. 08:30 OR RO#B上線，#C下線，RO Flush完成。
2. 09:02 L5A純水系統U8S2 Servier當機，重開機。
3. 11:19 B棟B3F 7/8、9/10 Pit手動開啟臨時Pump抽至低液位。
4. 14:21 ML4AE2通知A2STO20 KOH PM。
5. 15:00 B棟B3F 7/8、9/10、15/16 Pit手動開啟臨時Pump抽至低液位。15/16 Pit，因Pump-15逆止閥故障，電盤設計又無法單一自動運轉，故只能手動切Pump-16，Pit打低後出口手閥要關閉，不然會從Pump-15逆流回來。
6. 15:45 廠區雨勢過大，B棟B3雨排宣洩不及，01/02、05/06、07/08、09/10 Pit，以及小地排口回灌，EVP值班與環安值班追查，發現應該是F棟西南角雨排阻塞，導致雨排與道路積水回灌所致。",B棟B1車道口以沙包擋格，交接當雨勢較小時，偕同他員試著將雨排檔板拉起。,已完成,Y,一般交接事項,詹福來/林圻成/胡玉棋/林谷安/柯耀德/陳昱辰/郭凡稜,2022-09-11,2022-09-11,2022-09-11
3651,TN/KH,MMFED1,NB,郝柏森,20220911 TN夜班交接,"1. 一廠添加玉米浸漬液 1桶、營養鹽 1包。二廠添加營養鹽 1包。
2. 平均用水量，一廠 60、二廠 8m³/h。 
3. 19:50 開啟RO-A、B、C套試運轉FLUSH 30分鐘。20:20關閉
4. 20:00 開啟一廠廢水系統。23:10關閉。
5. 20:00~23:10開啟一廠回收化混系統。
6. 20:40 T-2205 曝氣 20分鐘。
7. 23:40 清洗pH-2201。
8. 01:57 起T-015L警報，值班人員現場調整PUMP起停液位後已改善，觀察調整後無再次觸發警報，將PUMP起停液位調回原設定值，復歸後觀察無異常，請同仁再留意。
9.  夜班仍有SCADA PLC comunication abnormal警報，待系統工程師持續查修。
10. 03:30 觀察T-005 液位持續下降，廠端用水已達70 m3/hr，開啟RO-C套 頻率 : 40Hz。",二廠SCADA PLC comunication abnormal警報待系統工程師持續查修。,處理中,Y,一般交接事項,張閎家/李兆宏/陳信吉/冼湧璋/林佳昌/洪志盛/郝柏森/郭鴻/陳俊男/李榮偉/謝佑岱/江新裕,2022-09-11,2022-09-16,
3676,LT,MMFEB3,NA,王家駿,20220912-NA班南水值班日誌,"1.21:00 回收水P-792打至Belt及Screw清洗水管路由令破裂漏水 異常報告								
2.23:20 夜班安全巡檢完成
9/13
1.01:45 MB#F(430H)再生											
2.03:45 後段用水增加且配合MB#F再生需求，導致RO WATER TANK液位觸至L alarm(75%)，加開低壓泵P-301A及RO高壓泵P-302D/H補水(目前低壓泵4台、RO高壓泵11台運轉)											
","1.04:00 LT 3號點井液位傳訊異常 異常報告
2.21:00 回收水P-792打至Belt及Screw清洗水管路由令破裂漏水 異常報告
其餘純/廢水系統正常",處理中,Y,一般交接事項,陳志鈞/鍾曜鴻/林家宏/彭哲德/洪瀚邦/王家駿,2022-09-12,2022-09-30,2022-09-30
3736,HC,MMFEC1,DB,陳楷明,20220914日班交接,1.冷却水塔水、PH9.09正常   導電度=2097 ORP=596。請值班注意巡檢。2.AMX #1#2 添加消泡劑。3.CELL MAU室壓24-->22.5pa for節能，請值班知悉。4.晴賜將冰機3A 設定溫度7.6調整至8.4。5.環安通知CUB 1F加藥區旁管路漏水，確認為P棟B1F陰井排水管路斷裂，請系統工程師協助處理。6.CUB 1F鐵捲門門禁故障無法使用，已將門禁功能解除鐵捲門可正常使用，廠商下星期會進廠檢修。7.17:00 FAB-(N) TR-23A(R)WARNING事件說明：外部放電，低風險 。,處理中,已完成,Y,一般交接事項,MMFEC1,2022-09-14,2022-09-14,2022-09-26
3738,HY,MMFEA1,DB,陳柏達,20220914日班交接,"1.ALARM CALL 功能測試正常。
2.DUPS #11 B級保養(有停機及打油再啟機)  DUPS#3啟動電瓶更換
3.永大_office南北側客梯,CUB 2T梯 南側碼頭2.5T梯_保養及工項檢查ok
4.宏偉_南側碼頭 14T梯_保養及工項檢查ok (L3D 10T梯&無塵室人員電梯_保養檢查未完成)
5.VESDA 系統通訊不穩定(俊麒,廠商處理中)","1.已完成
2.已完成
3.已完成
4.處理中
5.處理中",處理中,Y,一般交接事項,陳柏達/周俊峰/李俊麒,2022-09-14,2022-09-14,2022-09-30
3754,HC,MMFEC1,NB,朱能勇,20220914夜班交接 cda4 油溫偏高，cvd壓差警報,"1.CDA 4 油溫 67度。請系統工程師複查。
2.P-CVD #3 壓差警報，現場進行壓差計軟管清通後 表頭顯示 3.7->0.8，盤面警報未消除，SCADA 警報未消除。請系統工程師複查。
","CDA#4油溫偏高
申請維護",已完成,Y,一般交接事項,MMFEC1,2022-09-14,2022-09-30,2022-09-21
3777,LT,MMFEB3,NB,洪瀚邦,2022/09/15 NB南水值班日誌,"1 08:00 M棟TO CUB2工業水池 52%---64% 
2 10:00 調整RO產水由11組降至10組,低壓PUMP 4台 
3 15:00 2B3T#C(427H)因陽塔流量偏低,切換2B3T#B上線 4 15:00 T-250閥位切至T-68B 
5 17:00 T-901&T-902 OVERFLOW切往T-601,進T-903管已改至T-904,903已抽至0%,不進水
6.P-902A卡死,切換B台運轉，異常單0915-1
7.PUMP 501B逆止閥裂痕滲漏，異常單0915-2 切A台運轉
8.PUMP P501B緩啟動器故障，切P501A運轉，異常單0915-3",,已完成,Y,一般交接事項,陳志鈞/鍾曜鴻/林家宏/彭哲德/洪瀚邦/王家駿/郭凡稜,2022-09-15,2022-09-15,2022-09-15
3792,TN/KH,MMFED1,NB,郝柏森,20220915 TN夜班交接,"1. 一廠添加玉米浸漬液 1桶、營養鹽 1包。二廠添加營養鹽 1包。
2. 平均用水量，一廠 146、二廠 7m³/h。 
3. 20:10 C5D脫水機水洗濾布後開啟運轉。 
4. 21:00 T-2205 曝氣 20分鐘。
5. 04:00 調整FIQ-2131 : 73 → 91 m3/hr。
6. 05:00 C4A民生水池低液位警報，值班人員至現場查看液位60%，最低42.1%，查看工業水池管路壓力為0.4及0 kg/cm，將工業水池補水閥全數關閉後將水擠進民生水池液位，觀察已開始上升，電詢自來水公司回復公司周邊無任何修繕工程及減壓供水動作，請同仁再留意民生水池液位。07:30 民生水池液位 55%，工業水池液位87%，請工程師協助後續支援。
7.  07:00 一廠中繼槽 PIT警報，廠端來源水泡沫偏多，微調消泡劑出藥量後觀察已正常，請同仁巡檢再留意。
",民生水池液位請工程師協助後續支援查修,已完成,Y,一般交接事項,張閎家/李兆宏/陳信吉/冼湧璋/林佳昌/洪志盛/郝柏森/郭鴻/陳俊男/李榮偉/謝佑岱/江新裕,2022-09-15,2022-09-16,2022-09-16
3803,HY,MMFEA2,常日,楊忠豪,20220916-日班交接,"1.高溫冷卻水塔 R02-CT-01 電源及水源關閉，風扇底座疑似鏽蝕，非必要勿開機，如需開機請低負載運轉
",1.處理中,處理中,Y,一般交接事項,王煌耀,2022-09-16,2022-11-30,
3822,LT,MMFEB3,NA,戴宏洋,20220916_EVP_NA值班日誌,"19:52更換D-02 SUS濾網，更換前/後腔體溫度為:57.9℃/57.1℃
20:30加一期抑垢劑/消泡劑:4L/2L
20:56 D-02跳腔體溫度及真空度偏高，停機檢查無洩漏，其間接聽D-401輕體溫度偏高，查看SCADA發現Cooling tower P-120B跳Motor Protecting，Reset無效後切換P-120A，21:32 D-02復歸上線停機約35min，並拆清P-120B Y濾(青苔、昆蟲屍體)
21:00清洗pH-102 sensor
21:01更換D-01 SUS濾網，更換前/後腔體溫度為:55.1℃/54.7℃
22:30 E-01 TDS19:55:% TS:19/0.1→18/0.1；E-301 TDS:15.9% TS:17/0.1→16/0.1
03:00 E-01 TDS:20.25% TS:18/0.1；E-301 TDS:16.65% TS:16/0.1
04:00 D-01/02/401/501處理量:3T/3T/3T/0T
","Cooling tower P-120B泵浦異常，切換備台並拆清Y濾，待廠商進廠檢修
系統正常",已完成,Y,一般交接事項,王鴻智/王晟翰/古昌法/龍德政/戴宏洋,2022-09-16,2022-09-17,2022-09-17
3853,HC,MMFEC1,DA,陳仕祥,20220917 RUC#2異常交接,"1. 08:30 scada顯示RCU#2 FAN Notopen。
2. scada復歸無效，至現場查看Relay顯示tripper無法復歸
3.該RCU#2為CUB B3北側電器室使用，經更換其他設備拆下之Relay處理仍無法正常復歸。
","1.10:30暫時將RCU#2 Relay tripper故障點位A2移除後，開啟RCU#2。
2.處理期間北側電器室溫度最高27.4℃，後續巡檢溫度25.7℃。
3.後續由系統工程師處理修繕",已完成,Y,一般交接事項,MMFEC1,2022-09-17,2022-09-19,2022-09-21
3883,TN/KH,MMFED3,DB,林坤達,20220918日班交接_C5E電力空調課,"系統狀況: 
(1)當班異常現況、處理進度、回報時機 :10:48冰機#6主機警報,到現場查看主機已停機沒有電源,開啟冰機#3,已通知系統工師請廠商查修,同時開立易事通記錄
(2)當日工程施工結果及安全注意事項(系統填寫) 
Alarm狀況: 
工作交接: 
(1)巡檢抄表進度及問題 :1.地震後巡檢拍照
(2)當班PM內容及結果 :正常
(3)其他系統調整紀錄 : 
1.無塵室溫溼度微調
(4)當班交接事項 : 
1.OB棟1F更鞋區天花板漏水定時清理
2.太陽能監控程式測試正常
(5)值班室職務交接 : 
無線電、值班手機、平板數量清點
中控室清潔消毒",已完成,已完成,Y,一般交接事項,MMFED2/MMFED3,2022-09-18,2022-09-18,2022-09-18
3903,HC,MMFEC1,NB,朱能勇,"20220918夜班交接:SEX2 PH,CIM,CDA4
","1.SEX SCRUBBER PH 震盪明顯，清洗 PH SENSOR 調整加藥量 15>10。請系統工程師複查。
2.值班交接:CIM電話通知機房高溫警報，至現場再次確認，其戶外冷卻水塔可能因地震導致，原接頭漏水處漏水量加大水位太低。馬達空抽導致散熱異常進而使空調箱跳脫。水箱液位偏低補水量不足，現暫將其浮球拆除加大補水量。冷卻水塔可正常散熱，空調箱正常運轉。同時查知其上水管路一接頭有脫落噴水情況。請系統工程師複查。
3.用電量統計時查知 CDA 用電量偏高，檢查運轉狀況 CDA #3 #4 + #5 平均用氣量 5854，且 CDA #4 用電量不同於LOAD/UNLOAD。現場確認機台面板無異常訊息。請系統工程師複查。(04:00 CDA #4 會 LOAD/UNLOAD)
",,已完成,Y,一般交接事項,MMFEC1,2022-09-18,2022-09-30,2022-09-21
3952,TN/KH,MMFED1,NB,郝柏森,20220919 TN夜班交接,"1. 一廠添加玉米浸漬液 1桶、營養鹽 1包。二廠添加營養鹽 1包。
2.平均用水量，一廠 160、二廠 90m³/h。 
3.觀察 2B3T-D套 SIO2 有偏高趨勢，運轉時間 118HR將其提早卸載準備再生並回報系統工程師兆宏，請同仁觀察下次在生後SIO2。
4.20:15 開啟二廠回收系統殺菌劑。
5.巡視P-311A泵軸封漏水，已立即回報工程師兆宏並依其指示進行P-311B泵備機切換上線，待安排廠商進廠檢修，易事通已開立。
6.19:50 NEG2儲存槽導電度警報 3697us/cm，值班人員至調藥室時導電度回升至3706 us/cm，手持式量測導電度3802 us/cm，研判稍早前因廠段需求量較大且當下稀釋槽正在混藥時，桶槽液位L警報觸發，當稀釋槽混藥完成進行補液時因液位偏低部分藥液干擾導致導電度震盪，後續觀察導電度已回升至3750 us/cm。無影響供應。
    05:00 警報觸發情形同上。
7.20:50 觀察C6C廠端用水增加，開啟RO-C套。
8.20:50 因應C6C回收系統液位逐漸上升，開啟R-RO-C套增加產水。
9.21:12 NEUTRALIZING TANK2 TURBIDITY HI 警報 (500 mg/L)，值班人員至現場查看濁度計已降為12.7 ，現場採樣確認無異常，研判水中髒物干擾造成儀表震盪。後續觀察無再觸發，請同仁巡檢多留意。
10.22:00起 一廠中繼槽 PIT警報，廠端來源水泡沫偏多，觀察消泡劑球閥塞住，調整後已恢復正常加藥請同仁巡檢再留意。
    07:00起同上","P-311A泵待工程師安排廠商檢修
",處理中,Y,一般交接事項,張閎家/李兆宏/陳信吉/冼湧璋/林佳昌/洪志盛/郝柏森/郭鴻/陳俊男/李榮偉/謝佑岱/江新裕,2022-09-19,2022-12-31,
3954,TN/KH,MMFED1,DA,張閎家,20220920TN值班交接,"1. 一廠添加玉米浸漬液 3桶、營養鹽 3包。二廠添加營養鹽 2包。
2. 平均用水量，一廠 160、二廠 75m³/h。 
3. 廢水 COD：T-138 235、T-139 151、T-140 137、T-2307 262。
4. 12:00 2B3T-A套再生。
5. PAC充填 共   KG。
6. RBRO膜管藥洗
7.10:00 亞東氮氣抄表完成
8.一廠更換 R-RO-B套濾心 40支。
9.2B3T-D套再生，17:30 再生完成，切為STOP狀態並關閉加熱器。A套卸載(D套上線)
二廠交接:
1. 19:00 T-2121液位：3.3M、T-2131液位：3.12M。
2. 09:50 C5D脫水機渠道清潔後開啟運轉。 
3.C6C NEGA-2 儲存槽導電度計液位管開啟回流約3分鐘 ,進行藥液置換再觀察導電度值變化。
4.工程師信吉交接，T-2501攪拌機故障無法轉動，目前暫時改曝氣擾動，明日廠商進廠檢修。
5.二廠更換 R-RO-A/B/C套濾心 60支。
6.C6C 回收T-2141出口與T-2821連通(19:20恢復上線)
",.工程師信吉交接，T-2501攪拌機故障無法轉動，目前暫時改曝氣擾動，明日廠商進廠檢修。,處理中,Y,一般交接事項,張閎家/李兆宏/陳信吉/冼湧璋/林佳昌/洪志盛/郝柏森/郭鴻/陳俊男/李榮偉/謝佑岱/江新裕,2022-09-20,2022-09-20,2022-10-31
3980,HC,MMFEC1,NB,林煜勛,20220920夜班交接,"消防	巡檢時發現 S棟 B2F灑水泵浦軸封漏水，已通知系統負責人志霄協助處理。
","20220928 石綿軸封，經水膨脹已無滲漏---志霄
20220928 結案---奕達
",已完成,Y,一般交接事項,郭志霄,2022-09-20,2022-10-05,2022-09-28
3991,HY,MMFEA2,NA,蔡治宏,2022-0920夜班值班日誌,"1. 20:00 鍋爐#4 調整溫度115→120→124→127℃
2. 20:30 L3D/L5D SG分配器供 L55/L30 MAU閥全開
3. L5D AEX-24壓差HI,清通知系統
","1.已完成
2.已完成
3.處理中",處理中,Y,一般交接事項,王煌耀/林世哲,2022-09-20,2022-09-21,2022-09-21
3995,LT,MMFEB3,DA,鍾曜鴻,20220921日班交接事項,"1.(09:45) LR RAC B/W P-504-A Trip，切換至P-504-B運轉，暫不影響系統運轉，已發異常單。
2.(14:20) OWWR MBR#C P-871-C Trip，推測為泵浦葉輪異常導致，維順於16:00左右入廠協助更換備機。目前MBR#C暫時停止運轉，已發異常單。",已完成,處理中,Y,一般交接事項,陳志鈞/鍾曜鴻/林家宏/彭哲德/洪瀚邦/王家駿,2022-09-21,2022-09-21,2022-09-21
4008,LT,MMFEB2,DB,許志成,20220921 南空日班交接事項,"外氣濕度上升，HR900A 30%->90%，Backup pump關閉，				
8度冰機負載偏高，加開冰機#4及二次冰水泵#2,4，壓力0.6->0.7				
",OK,已完成,Y,一般交接事項,MMFEB2,2022/9/21,2022/9/21,2022/9/21
4011,LT,MMFEB3,NA,洪瀚邦,20220921夜班交接事項,1.(09:45) LR RAC B/W P-504-A Trip，切換至P-504-B運轉，暫不影響系統運轉，已發異常單。 2.(14:20) OWWR MBR#C P-871-C Trip，推測為泵浦葉輪異常導致，維順於16:00左右入廠協助更換備機。目前MBR#C暫時停止運轉，已發異常單。,,已完成,Y,一般交接事項,陳志鈞/鍾曜鴻/林家宏/彭哲德/洪瀚邦/王家駿/郭凡稜,2022-09-21,2022-09-21,2022-09-21
4102,HY,MMFEA3,DA,黃柏元,20220923-日班交接,"1.巡檢PM事項：(1)清洗放流水sensor (2)T1 UF/RO濾袋更換
2.系統調整設定：(1)現汙泥濃縮槽汙泥仍往納排消耗-汙泥暫存槽OFF
3.異常事件說明：無
4.系統工程師交接事項：德(1)汙泥烘乾機工作次數一樣設定一次(請六及日的日值班再請協助重置工作次數及觀察進料口有無汙泥溢出) 柏(2)ODF-4純水系統2B3T再生藥量調整確認 (3)L3D純水系統ALK供水pH/ORP分析儀KCL藥品補充
5.系統ALARM CALL檢點：OK
6.藥劑入料：9/23 UPW：HCL*1車、9/26 氯化鐵15桶
","1.已完成
2.已完成
3.NA
4.已完成
5.已完成",已完成,Y,一般交接事項,黃柏元,2022-09-23,2022-09-23,2022-09-23
4173,LT,MMFEB1,DA,郭孟琦,20220925-DA電控值班事項,"1.CUB棟、M棟電梯PM			
2.F棟 & L棟避雷接地系統檢查			
3.太陽能週巡檢。
4.宿舍棟電梯PM 。			
5.C棟避雷及設備接地檢查。
6.點檢L5B UPS05 320KVA、L5B UPS06 150KVA			
7.宿舍2號電梯停2樓，崇友檢查樓層落差約5-10公分，RESET後正常，檢查判斷為樓層感應器異常。",處理完成,已完成,Y,一般交接事項,郭孟琦,2022-09-25,2022-09-25,2022-09-25
4217,TN/KH,MMFED3,DB,林坤達,20220926日班交接_C5E電力空調課,"系統狀況: 
(1)當班異常現況、處理進度、回報時機 :
1.10:59 OC2 FFU M層設備通訊異常警報,已通知系統工程師查修o並開立estone記錄o
(2)當日工程施工結果及安全注意事項(系統填寫) 
Alarm狀況: 
工作交接: 
(1)巡檢抄表進度及問題 :
(2)當班PM內容及結果 :正常
(3)其他系統調整紀錄 : 
1.08:10 排氣系統靜壓調降1mmAg
2.無塵室溫濕度微調
(4)當班交接事項 : 
1.09:35 暫停乾燥機912吸附塔#1再生
2.OB棟1F更鞋區天花板漏水定時清理
(5)值班室職務交接 : 
無線電、值班手機、平板數量清點
",已完成,已完成,Y,一般交接事項,MMFED2/MMFED3,2022-09-26,2022-09-26,2022-09-26
4246,HC,MMFEC1,DB,陳楷明,20220926值班交接,1.GEX#2變頻器高溫警報已用風扇降溫中。,將散熱風扇取下後更換風扇軸承後正常運轉上線,已完成,Y,一般交接事項,徐智良,2022-09-26,2022-09-30,2022-10-19
4281,HC,MMFEC1,NB,朱能勇,"20220927夜班交接
-VOC UPS","抄表時查知，VOC 轉輪 UPS 顯示 旁路供電。警報:A00 綜合警報 A01 電池警報 A25 逆變器綜合性警報 A42 E-SERVICE 綜合性警報。檢查系統運作正常。請系統工程師複查。
",預計歲修將UPS隔開運轉,已完成,Y,一般交接事項,徐智良,2022-09-27,2022-10-07,2022-10-19
4286,TN/KH,MMFED1,NB,郝柏森,20220927 TN夜班交接,"1. 1. 一廠添加玉米浸漬液 1桶、營養鹽 2包。二廠添加營養鹽 1包。
2. 平均用水量，一廠 115、二廠 60m³/h。 
3.  20:00 2B3T-D再生，再生後已關閉加熱器及循環泵。
4. 20:30 T-2205 曝氣 20分鐘。
5. 21:00 C5D脫水機手動水洗濾布後待機。
6. 02:40 關閉廢水系統 。
7. 01:00 觀察C6C PIT警報，查看CDT-4微量冒泡，調整液位起停增加一台PUMP抽液後觀察已無冒泡，02:00將液位設定改回。",異常已排除,已完成,Y,一般交接事項,張閎家/李兆宏/陳信吉/冼湧璋/林佳昌/洪志盛/郝柏森/郭鴻/陳俊男/李榮偉/謝佑岱/江新裕,2022-09-27,2022-09-28,2022-09-28
4346,HC,MMFEC1,DA,陳仕祥,20220929PCW通訊異常處理,"1. 09:20 scada顯示PCW Outlet Pressure  BAD XMTR、PCW To CA Level Flow  BAD XMTR。
2. TFT PCW壓力無訊號，Cell PCW 流量無訊號，現場查看無異常燈號PLC及電源燈號皆正常，故障期間壓力由Cell PCW壓力觀察皆無明顯波動。
3.暫時將PCW切換至手動定頻運轉避免追減載造成現場產能損失。
3.14:00義斌協助清查故障點，發現將Cell PCW流量計保險絲移除後訊號恢復正常。
4.移除保險絲後期間維持手動定頻運轉觀察至16:40，皆正常，於16:50切換回自動運轉。
5.後續真因仍待查
",PLC AI卡輸入點異常. 安排歲修更換,處理中,Y,一般交接事項,陳輝鵬,2022-09-29,2022-10-31,
4354,LT,MMFEB3,NA,王家駿,20220929-NA班南水值班日誌,"1.22:00 T-254→T-751。T-254:13.2%→12.6%											
2.22:30 夜班安全巡檢完成
9/30
3.02:30 M棟補水至CUB2工業水池(49%→60.5%) 											
4.05:00 自來水補M棟T-256 液位:41%→50%											
","1.23:22 L5B DIW RCP-13 第23站-1 ET-200M故障 異常報告								
2.9/30 04:10 C5A WWT Pump P-116-1機械軸封滲漏 異常報告								
其餘純/廢水系統正常",處理中,Y,一般交接事項,陳志鈞/鍾曜鴻/林家宏/彭哲德/洪瀚邦/王家駿,2022-09-29,2022-09-30,2022-09-30
4382,TN/KH,MMFED3,DB,林坤達,20220930日班交接_C5E電力空調課,"系統狀況: 
(1)當班異常現況、處理進度、回報時機 :
1.巡檢時發現CUB頂樓冷卻水塔漂白水加藥機入口端管路破裂切斷重接後正常o
(2)當日工程施工結果及安全注意事項(系統填寫) 
Alarm狀況: 
工作交接: 
(1)巡檢抄表進度及問題 :
(2)當班PM內容及結果 :正常
(3)其他系統調整紀錄 : 
1.無塵室溫濕度微調
(4)當班交接事項 :
1.太陽能監控程式正常
(5)值班室職務交接 : 
無線電、值班手機、平板數量清點
",已完成,已完成,Y,一般交接事項,MMFED2/MMFED3,2022-09-30,2022-09-30,2022-09-30
4402,HC,MMFEC1,NB,林煜勛,20220930夜班交接,"日常管理	""1.廠務設備警報自動報表產出系統，9/30無產出已手動執行產出。
2.AIARM LIST 自動報表電課無資料產生請系統負責人志霄協助處理。""
","20221003 志霄mail 回覆：
1.AIARM LIST 自動報表已無使用
目前EDA Alarm List顯示的Data來源，是直接由SCADA資料庫讀取

完成結案",已完成,Y,一般交接事項,郭志霄,2022-09-30,2022-10-17,2022-10-03
4405,HC,MMFEC1,NB,朱能勇,"20220930夜班交接-SEX 3
","""SEX 3 SCRUBBER 風車出口處有滴水情況，進行地面積水掃除。現暫將吸水用吸塵器放置現場。請值班注意巡檢。請系統工程師複查。
SEX 3 漂白水加藥機 出口處有漏液情況，進行重新鎖緊無效果，進行地面積液掃除。現暫將其電源插頭拔除。請值班注意巡檢。請系統工程師複查。""
",智良:a.SEX 3 SCRUBBER 風車出口處有滴水情況已將回流管疏通 b.SEX 3 漂白水加藥機 出口處有漏液已將出口管截去1公分裂化部分，不會再滴漏,已完成,Y,一般交接事項,徐智良,2022-09-30,2022-10-07,2022-10-07
4459,HY,MMFEA1,DA,林文傑,20221002日班交接,"1. 14噸電梯異常，錯樓-11:29
2. B1通信機房排煙盤警報，RESET復歸後已無異常-18:30
3. 舊火警B1 通信機房，10A63模組 ，解隔離→19:04","1. 已完成
2. 已完成
3. 已完成",已完成,Y,一般交接事項,林文傑,2022-10-02,2022-10-02,2022-10-02
4466,LT,MMFEB3,DA,王晟翰,20221002_EVP_DA值班日誌,"加鍋爐清罐劑2L；脫氧劑4.5L；中和胺0.5L
加二期E-101/301抑垢劑/消泡劑:2L/2L；4L/2L
清洗pH-102 sensor
10:00 E-01 TDS:21.25% TS:20/0.1；E-101 TDS:17.4% TS:14/0.1；E-301 TDS:19% TS:18/0.1→20/0.1
15:00 E-01 TDS:20.95% TS:20/0.1；E-101 TDS:17.35% TS:14/0.1；E-301 TDS:18.8% TS:20/0.1→21/0.1
16:00 D-01/02/401/501處理量:3T/3T/3T/0T
18:10因T-120:10.4%，E-01 OFF作小循環，排液閥OFF/風機入口蒸氣閥OFF/脫泥機後方蒸氣閥OFF，C/T補水閥微開，E-501切小火
","09:30高導至Header1前手閥時棉墊片劣化(待更換)
11:00 D-01腔體溫度觸到60℃，現場真空值掉至-79Kpa，檢查前氣壓缸墊片/前後軸封/前視窗皆無洩漏，但有發現後方濾棉箱墊片角落有破損，更換後測試真空值-86Kpa，跟前趟真空值一樣，故懷疑為真空錶問題，將真空錶管路吹淨(無阻塞)，裝上新的真空錶測試真空值到-88Kpa，後復歸觀察3批，真空值皆在-81Kpa~-83Kpa之間(現場-83Kpa~-86Kpa)，請夜班持續觀察
系統正常
\\L8f0-pc01\kc0f3\運轉表格\異常報告\EVP異常報告\2022\10\1002 減壓乾燥機D-01真空錶 異常報告.doc
\\L8f0-pc01\KC0F3\運轉表格\異常報告\EVP異常報告\2022\10\1002 高導至HEADER1前蒸汽手閥洩漏異常報告.doc",已完成,Y,一般交接事項,王鴻智/王晟翰/古昌法/龍德政/戴宏洋,2022-10-02,2022-10-02,2022-10-02
4555,HC,MMFEC1,NB,朱能勇,"2022104夜班交接-scada
","1.察知 SIEMEMS PSC7 右 SCADA 無法正常調取 TREND CHART。訊息:no license for this application present。請同仁協助。
",,處理中,Y,一般交接事項,郭志霄,2022-10-04,2022-10-14,
4614,LT,MMFEB2,DA,陳清泉,20221006 北廠日間值班日誌,"1.B棟3F~6F加濕器保養，alarm請記錄。
2.今日叫藥，預計明日進廠，L4A  北側NAOH 600KG 南側H2SO4 300KG，消泡劑1桶。L5A  北側NAOH 600KG 南側NAOH 300KG，CUB1 漂白水1T，消泡劑1桶。
3.M棟2F 1W柱位廁所外FAN COIL排水管路高於排水管，冰水進出水閥關閉。
4.M棟CHS PIC01 210kpa(78%)→200kpa(76%)",OK,已完成,Y,一般交接事項,MMFEB2,2022-10-06,2022-10-06,2022-10-06
4699,TN/KH,MMFED1,DB,郝柏森,20221008 TN 值班交接,"1. 一廠添加玉米浸漬液 1桶、營養鹽 2包。二廠添加營養鹽 1包。
2.平均用水量，一廠 60、二廠 55m³/h。 
3. 13:30 觀察 一二廠SUB TOC均有上升趨勢。已回報系統工程師進行以下設備切換 
    14:00 2B3T-B套切換A套運轉。
    17:00 一廠MB-A套切換B套。
    17:00 C4A TOC 已升至70ppb，已回報副理需要支援。
    17:30 工程師佑岱進場支援。協同採水量測: D1 : 598、自來水 : 585、D8 : 2472 
    18:00 將一廠RO-A.B.C套開啟加強內循觀察TOC已無上升趨勢開始緩慢下降。
    18:50 將二廠RO-B套開啟增加內循環。
4. 16:00 關閉廢水系統。",TOC 上升持續觀察,處理中,Y,一般交接事項,張閎家/李兆宏/陳信吉/冼湧璋/林佳昌/洪志盛/郝柏森/郭鴻/陳俊男/李榮偉/謝佑岱/江新裕,2022-10-08,2022-10-10,
4745,LT,MMFEB3,NA,古昌法,2022/10/09 EVP NB值班日誌,"1.22:00/03:00 E-01 TDS:20.9% TS:19/0.1，E-301 TDS:16.8% TS:19/0.1；E-01 TDS:20.5% TS:19/0.1，E-201 TDS:2.5% 未排液，E-301 TDS:17% TS:19/0.1
2.04:00 D-01/02/401/501 處理量:2.5T/3T/3T/0T
3.10/9 18:18 E-01 ON，19:58 E-01 RUN	
4.10/9 21:14 E-201 ON，E-503:小火切大火，00:56 E-201 RUN
","異常報告連結
\\L8f0-pc01\kc0f3\運轉表格\異常報告\EVP異常報告\2022\10\1009 減壓乾燥機D-01前檢視孔玻璃 異常報告.doc
",已完成,Y,一般交接事項,古昌法/龍德政/戴宏洋/王晟翰/王鴻智,2022-10-09,2022-10-10,2022-10-09
4756,HC,MMFEC1,NB,朱能勇,"20221009夜班交接-SEX 1 加藥機
","1.SEX 1 漂白水加藥機 出口處有漏液情況，進行重新鎖緊無效果，進行地面積液掃除。現暫將其電源插頭拔除。請值班注意巡檢。請系統工程師複查。
",10/12更換漂白水管路(劣化)完成,已完成,Y,一般交接事項,徐智良,2022-10-09,2022-10-21,2022-10-12
4771,LT,MMFEB4,DA,張金龍,2022/10/10 LT北廠氣化值班交接,"1.L4A DMS R/T 1500L B/T 800L 
2.L4A HAc M液位設定值由800L改回1200L.",已完成,已完成,Y,常日班交接事項,張金龍/林彥明,2022-10-10,2022-10-10,2022-10-10
4797,LT,MMFEB3,NA,王家駿,20221010-NA班南水值班日誌,"1.20:40 用水量下降，MB Feed Pump P-303A/B由49Hz→47Hz											
10/11
2.03:05 2B3T#F由""2B3T Rinse-2""重新再生。03:25再生完成切入SER STBY											
3.04:00 F/W更換氨水一桶，剩餘2桶											
4.04:55 L5B UPW PLC電池低電量，已通知南廠電組待電池充電完成後協助更換											
5.02:50 OT LINE DO-741下降至0.9ppm，pH-731上升至7.4，經詢問南廠空調值班10/10下午因Local Scrubber導電度偏高有作酸排Drain，請再觀察EDR濃水pH(目前pH:6)，視狀況加酸調整pH											
","1.20:30 LT 3號點井pit pump-B異常 異常報告-待處理								
其餘純/廢水系統正常",處理中,Y,一般交接事項,陳志鈞/鍾曜鴻/林家宏/彭哲德/洪瀚邦/王家駿,2022-10-10,2022-10-11,2022-10-11
4837,LT,MMFEB2,NA,王竹偉,20221011南廠空調值班日誌(夜班),"1.夜間巡檢抄表
2.設備index keyin
3.EDA上傳檢查
","23:30 BS-ITO 中量驗證完成,調回原設定值,於10/12 00:30完成調整",已完成,Y,一般交接事項,MMFEB2,2022-10-11,2022-10-12,2022-10-12
4859,LT,MMFEB3,DB,郭凡稜,20221012-DB-北水值班日誌,1.OR RO #C上線，RO#D下線，RO flush 完成。2.請夜班協助將T-415加水加熱。3.污泥脫水機，請持續脫泥。,na,已完成,Y,一般交接事項,詹福來/林圻成/胡玉棋/林谷安/柯耀德/陳昱辰/郭凡稜,2022-10-12,2022-10-12,2022-10-12
4865,TN/KH,MMFED1,DB,郝柏森,20221012 TN值班交接,"1. 一廠添加玉米浸漬液 1桶、營養鹽 2包。二廠添加營養鹽 1包。
2. 平均用水量，一廠 110、二廠 60m³/h。 
3. 09:30 關閉一廠回收系統。 11:40- 15:20 、17:00- 19:30開啟一廠回收系統。
4. 09:30 開啟一廠廢水系統。
5. 10:00 R-RO-D套膜管藥洗。
6. 液鹼充填共     22033  kg 、殺菌劑充填共  799   kg。
7. 10:00 C4A中繼槽 PIT警報，人員至現場查看消泡劑阻塞，微調消泡劑後觀察已恢復正常加藥。
8.更換一廠回收R-RO-B.D套濾心共80支。
9. MLSS 139-4 : 4146 、140迴流 : 8546、2306D : 9682、2307迴流 : 15378
10. 18:50 C5D脫水機水洗濾布後持續開啟運轉。
11.二廠充填液鹼時充填司機反應加壓馬達啟動時無法順利充填(加壓充填時充填口會有噴濺情形但無噴濺至充填口外)，且充填口前支撐架損壞已久無法正常使用，值班人員至現場查看時，加壓馬達僅待速時已有滲漏，請工程師安排檢修，槽體液位尚有10格約80%庫存，尚無立即斷料之虞。易事通於9/26 已開立。
12.工程師信吉交接 : C5D脫水機 調整進料時間 15 -> 20 分，擠壓時間 30 -> 25 分。
",液鹼充填口、充填口支撐架待工程師安排廠商檢修,處理中,Y,一般交接事項,張閎家/李兆宏/陳信吉/冼湧璋/林佳昌/洪志盛/郝柏森/郭鴻/陳俊男/李榮偉/謝佑岱/江新裕,2022-10-12,2022-12-30,
4878,HC,MMFEC1,NB,朱能勇,"20221012夜班交接-chiller 用電量錯誤
","""(電組與空調)自動報表統計用電量，CH #4 用電量錯誤。進行手動更新。請日班協助確認。
POWER SCADA CH #4 用電量 變異量甚大(應該有誤)。進行估算值更新。請日班協助確認。""
",,處理中,Y,一般交接事項,郭志霄,2022-10-12,2022-10-21,
4904,TN/KH,MMFED1,DB,郝柏森,20221013 日班交接,"1. 一廠添加玉米浸漬液 1桶、營養鹽 2包。二廠添加營養鹽 1包。
2. 平均用水量，一廠 105、二廠 70m³/h。
3. 09:30 開啟一廠回收系統。 
4.11:50 開啟一廠廢水系統
5. 14:08 2B3T-A套再生
6. 13:20 T-2205 曝氣20分鐘
7.16:00 C5D脫水機水洗濾布後開啟運轉。
8.16:40 pH-2201 L警報，人員至頂樓清洗SESNOR觀察未復歸，觀察液鹼加藥偏少且逐漸加不出來，協同工程師志盛拆清氣動閥後確認氣動閥故障無法正常開啟，暫時將硫酸氣動閥拆至液鹼使用(現場硫酸手閥關閉，氣源盤開關關閉)，待廠商備料後進行更換。",氣動閥待廠商備料後更換,處理中,Y,一般交接事項,張閎家/李兆宏/陳信吉/冼湧璋/林佳昌/洪志盛/郝柏森/郭鴻/陳俊男/李榮偉/謝佑岱/江新裕,2022-10-13,2022-10-31,
5040,HC,MMFEC1,NB,朱能勇,"20221016夜班交接-EXHAUST
","1.TIC-01A 脫附入口溫度 LOW ALARM (當下燃燒爐點火)，現將 LOW ALARM 設定 160->157 。請系統工程師複查。
2.AMX #1#2 漂白水加藥機 下放處有漏液情況，查無明顯洩漏處，進行地面積液掃除。請值班注意巡檢。請系統工程師複查。
","智良:1.VOC脫附風車頻率由30下降至24Hz後脫附溫度上升至190度C 2.AMX#1加藥機逆止閥拆卸發現陶珠有鐵削卡住無法壓出藥劑，將削排除後恢復正常
",處理中,Y,一般交接事項,徐智良,2022-10-16,2022-10-28,
5064,LT,MMFEB2,DB,許志成,20221017 南廠日值班日誌,"1.通知久冠明日送北側液鹼900公斤，南側液鹼900公斤，硫酸300公斤，2.PS1-ALN-MT Lo alarm(52.2℃)，調整RAC-04溫度 21.3->21.2℃。3.R1-Coater MT Lo alarm(52.2℃)，調整RAHU-15~17 溫度 23.2->23℃，4.CAB1-MT-02 Lo alarm，MAHU-5,6調高出口濕度 9.6->9.8 g/kg",完成,已完成,Y,一般交接事項,MMFEB2,2022/10/17,2022/10/17,2022/10/17
5067,TN/KH,MMFED1,DB,郝柏森,20221017 TN 日班交接,"1. 一廠添加玉米浸漬液 1桶、營養鹽 2包。二廠添加營養鹽 1包。
2. 平均用水量，一廠 120、二廠 60m³/h。
3.08:30 清理脫水機渠道後開啟運轉。
    16:40 C5D脫水機手動水洗濾布後持續開啟運轉。
4. 13:20 T-2205 曝氣20分鐘20 T-2205 曝氣20分鐘
5. 10:05 關閉二廠純水RO-C套。
6. 2305B泵 Y濾 清潔。
7.14:00 MB-A套 再生。
8.16:15 關閉廢水系統。
9.CD379 充填 共 19940kg、PAC充填共 5117 kg。
10.  09:30 一廠中繼槽 pit警報，現場查看為消泡劑未出藥且來源水出泡嚴重，將加藥出口閥開度微調，觀察已正常出藥。
    18:30 同上。",異常已排除,已完成,Y,一般交接事項,張閎家/李兆宏/陳信吉/冼湧璋/林佳昌/洪志盛/郝柏森/郭鴻/陳俊男/李榮偉/謝佑岱/江新裕,2022-10-17,2022-10-17,2022-10-17
5069,HY,MMFEA1,DB,李俊麒,20221017日值班交接,"1.ALARM CALL 功能測試正常。
2.10:01空調竣傑來電L3D L30 75K區電燈電源線有被磨破跳電,他已有協助包覆及送電。
3.11:02協助水課WWT1 L10洩汙泥火警SENSOR隔離,已解隔離OK。
4.13:21 POWER SCADA出現F102-PEFFU04 T項及R項與F102-PEFFU03 R,S,T項電流過低警報,為空調調整L5D FFU造成,已將警報設定調降5-6A。
5.SPRAY JOCKEY PUMP補壓(1B41)…19:19。","1.完成
2.完成
3.完成
4.完成
5.完成",已完成,Y,一般交接事項,李俊麒/周俊峰/陳柏達,2022-10-17,2022-10-17,2022-10-17
5084,HC,MMFEC1,NB,朱能勇,"20221017夜班交接-砂濾 #1 洩漏
","""1. 00:30 ROR TANK HI HIHI LEVEL 執行砂濾 #1 反洗一次以降低水位
2. 執行反洗時查知 砂濾 #1 反洗排放管路及PUMP軸封處有洩漏情況
3. 請值班暫停砂濾 #1 反洗作業。請系統工程師複查。""
",,處理中,Y,一般交接事項,林晴賜,2022-10-17,2022-10-28,
